#
# There is insufficient memory for the Java Runtime Environment to continue.
# Native memory allocation (mmap) failed to map 65536 bytes. Error detail: Failed to commit metaspace.
# Possible reasons:
#   The system is out of physical RAM or swap space
#   This process is running with CompressedOops enabled, and the Java Heap may be blocking the growth of the native heap
# Possible solutions:
#   Reduce memory load on the system
#   Increase physical memory or swap space
#   Check if swap backing store is full
#   Decrease Java heap size (-Xmx/-Xms)
#   Decrease number of Java threads
#   Decrease Java thread stack sizes (-Xss)
#   Set larger code cache with -XX:ReservedCodeCacheSize=
#   JVM is running with Unscaled Compressed Oops mode in which the Java heap is
#     placed in the first 4GB address space. The Java Heap base address is the
#     maximum limit for the native heap growth. Please use -XX:HeapBaseMinAddress
#     to set the Java Heap base and to place the Java Heap above 4GB virtual address.
# This output file may be truncated or incomplete.
#
#  Out of Memory Error (virtualSpaceNode.cpp:113), pid=9852, tid=17900
#
# JRE version: OpenJDK Runtime Environment Temurin-21.0.10+7 (21.0.10+7) (build 21.0.10+7-LTS)
# Java VM: OpenJDK 64-Bit Server VM Temurin-21.0.10+7 (21.0.10+7-LTS, mixed mode, sharing, tiered, compressed oops, compressed class ptrs, parallel gc, windows-amd64)
# No core dump will be written. Minidumps are not enabled by default on client versions of Windows
#

---------------  S U M M A R Y ------------

Command Line: --add-modules=ALL-SYSTEM --add-opens=java.base/java.util=ALL-UNNAMED --add-opens=java.base/java.lang=ALL-UNNAMED --add-opens=java.base/sun.nio.fs=ALL-UNNAMED -Declipse.application=org.eclipse.jdt.ls.core.id1 -Dosgi.bundles.defaultStartLevel=4 -Declipse.product=org.eclipse.jdt.ls.core.product -Djava.import.generatesMetadataFilesAtProjectRoot=false -DDetectVMInstallationsJob.disabled=true -Dfile.encoding=utf8 -XX:+UseParallelGC -XX:GCTimeRatio=4 -XX:AdaptiveSizePolicyWeight=90 -Dsun.zip.disableMemoryMapping=true -Xmx2G -Xms100m -Xlog:disable -javaagent:c:\Users\rsind\.vscode\extensions\redhat.java-1.54.0-win32-x64\lombok\lombok-1.18.39-4050.jar c:\Users\rsind\.vscode\extensions\redhat.java-1.54.0-win32-x64\server\plugins\org.eclipse.equinox.launcher_1.7.100.v20251111-0406.jar -configuration c:\Users\rsind\AppData\Roaming\Code\User\globalStorage\redhat.java\1.54.0\config_ss_win -data c:\Users\rsind\AppData\Roaming\Code\User\workspaceStorage\5a089a8178d67970085d00947fda5b96\redhat.java\ss_ws --pipe=\\.\pipe\lsp-78463c29e99cde2059a4f70e3813bbee-sock

Host: 12th Gen Intel(R) Core(TM) i5-1235U, 12 cores, 15G,  Windows 11 , 64 bit Build 26100 (10.0.26100.8246)
Time: Mon May  4 11:23:44 2026 India Standard Time elapsed time: 23.491550 seconds (0d 0h 0m 23s)

---------------  T H R E A D  ---------------

Current thread (0x000001e4f80aa200):  JavaThread "Start Level: Equinox Container: 7ed1ddbe-aa10-45ac-bc12-ca9257ac264a" daemon [_thread_in_vm, id=17900, stack(0x000000c45c900000,0x000000c45ca00000) (1024K)]

Stack: [0x000000c45c900000,0x000000c45ca00000]
Native frames: (J=compiled Java code, j=interpreted, Vv=VM code, C=native code)
V  [jvm.dll+0x6d7a39]
V  [jvm.dll+0x8b4b26]
V  [jvm.dll+0x8b70de]
V  [jvm.dll+0x8b77c3]
V  [jvm.dll+0x284346]
V  [jvm.dll+0x8b086e]
V  [jvm.dll+0x679444]
V  [jvm.dll+0x1e82bb]
V  [jvm.dll+0x1e807e]
V  [jvm.dll+0x67bd42]
V  [jvm.dll+0x67bb72]
V  [jvm.dll+0x679e1e]
V  [jvm.dll+0x26f614]
V  [jvm.dll+0x219f3f]
V  [jvm.dll+0x20f62e]
V  [jvm.dll+0x5b644f]
V  [jvm.dll+0x82ead6]
V  [jvm.dll+0x478db8]
V  [jvm.dll+0x47ebe8]
C  [java.dll+0x17ec]

Java frames: (J=compiled Java code, j=interpreted, Vv=VM code)
J 1115  java.lang.ClassLoader.defineClass1(Ljava/lang/ClassLoader;Ljava/lang/String;[BIILjava/security/ProtectionDomain;Ljava/lang/String;)Ljava/lang/Class; java.base@21.0.10 (0 bytes) @ 0x000001e4e5383311 [0x000001e4e5383240+0x00000000000000d1]
J 1814 c1 java.lang.ClassLoader.defineClass(Ljava/lang/String;[BIILjava/security/ProtectionDomain;)Ljava/lang/Class; java.base@21.0.10 (43 bytes) @ 0x000001e4ddb6affc [0x000001e4ddb6aca0+0x000000000000035c]
J 2353 c1 org.eclipse.osgi.internal.loader.ModuleClassLoader.defineClass(Ljava/lang/String;[BLorg/eclipse/osgi/internal/loader/classpath/ClasspathEntry;)Lorg/eclipse/osgi/internal/loader/ModuleClassLoader$DefineClassResult; (67 bytes) @ 0x000001e4ddc911bc [0x000001e4ddc90ea0+0x000000000000031c]
J 2152 c1 org.eclipse.osgi.internal.loader.classpath.ClasspathManager.defineClass(Ljava/lang/String;[BLorg/eclipse/osgi/internal/loader/classpath/ClasspathEntry;Lorg/eclipse/osgi/storage/bundlefile/BundleEntry;Ljava/util/List;)Ljava/lang/Class; (636 bytes) @ 0x000001e4ddc1cb74 [0x000001e4ddc1b0c0+0x0000000000001ab4]
J 2154 c1 org.eclipse.osgi.internal.loader.classpath.ClasspathManager.findClassImpl(Ljava/lang/String;Lorg/eclipse/osgi/internal/loader/classpath/ClasspathEntry;Ljava/util/List;)Ljava/lang/Class; (328 bytes) @ 0x000001e4ddc24014 [0x000001e4ddc20a40+0x00000000000035d4]
J 2153 c1 org.eclipse.osgi.internal.loader.classpath.ClasspathManager.findLocalClassImpl(Ljava/lang/String;[Lorg/eclipse/osgi/internal/loader/classpath/ClasspathEntry;Ljava/util/List;)Ljava/lang/Class; (55 bytes) @ 0x000001e4ddc1fd64 [0x000001e4ddc1fbe0+0x0000000000000184]
J 2398 c1 org.eclipse.osgi.internal.loader.classpath.ClasspathManager.findLocalClassImpl(Ljava/lang/String;Ljava/util/List;)Ljava/lang/Class; (132 bytes) @ 0x000001e4ddcb9c14 [0x000001e4ddcb96e0+0x0000000000000534]
J 2091 c1 org.eclipse.osgi.internal.loader.classpath.ClasspathManager.findLocalClass(Ljava/lang/String;)Ljava/lang/Class; (210 bytes) @ 0x000001e4ddbf76a4 [0x000001e4ddbf69e0+0x0000000000000cc4]
J 1976 c1 org.eclipse.osgi.internal.loader.BundleLoader.findLocalClass(Ljava/lang/String;)Ljava/lang/Class; (159 bytes) @ 0x000001e4ddbc27d4 [0x000001e4ddbc1be0+0x0000000000000bf4]
J 1883 c1 org.eclipse.osgi.internal.loader.BundleLoader.findClass0(Ljava/lang/String;ZZ)Ljava/lang/Class; (490 bytes) @ 0x000001e4ddb8d814 [0x000001e4ddb8a660+0x00000000000031b4]
J 1882 c1 org.eclipse.osgi.internal.loader.BundleLoader.findClass(Ljava/lang/String;)Ljava/lang/Class; (8 bytes) @ 0x000001e4ddb89c4c [0x000001e4ddb89bc0+0x000000000000008c]
J 1925 c1 org.eclipse.osgi.internal.loader.ModuleClassLoader.loadClass(Ljava/lang/String;Z)Ljava/lang/Class; (36 bytes) @ 0x000001e4ddba06cc [0x000001e4ddba04a0+0x000000000000022c]
J 1016 c1 java.lang.ClassLoader.loadClass(Ljava/lang/String;)Ljava/lang/Class; java.base@21.0.10 (7 bytes) @ 0x000001e4dd9d6a54 [0x000001e4dd9d6940+0x0000000000000114]
j  org.eclipse.osgi.internal.framework.EquinoxBundle.loadClass(Ljava/lang/String;)Ljava/lang/Class;+190
j  org.apache.felix.scr.impl.manager.AbstractComponentManager.initDependencyManagers(Lorg/apache/felix/scr/impl/manager/ComponentContextImpl;)V+57
j  org.apache.felix.scr.impl.manager.AbstractComponentManager.collectDependencies(Lorg/apache/felix/scr/impl/manager/ComponentContextImpl;)Z+2
j  org.apache.felix.scr.impl.manager.SingleComponentManager.getServiceInternal(Lorg/osgi/framework/ServiceRegistration;)Z+25
j  org.apache.felix.scr.impl.manager.SingleComponentManager.getService(Lorg/osgi/framework/Bundle;Lorg/osgi/framework/ServiceRegistration;)Ljava/lang/Object;+69
j  org.eclipse.osgi.internal.serviceregistry.ServiceFactoryUse$1.run()Ljava/lang/Object;+24
J 2273 c1 java.security.AccessController.doPrivileged(Ljava/security/PrivilegedAction;)Ljava/lang/Object; java.base@21.0.10 (9 bytes) @ 0x000001e4ddc6c654 [0x000001e4ddc6c4e0+0x0000000000000174]
j  org.eclipse.osgi.internal.serviceregistry.ServiceFactoryUse.factoryGetService()Ljava/lang/Object;+8
j  org.eclipse.osgi.internal.serviceregistry.ServiceFactoryUse.getService()Ljava/lang/Object;+231
j  org.eclipse.osgi.internal.serviceregistry.ServiceConsumer$2.getService(Lorg/eclipse/osgi/internal/serviceregistry/ServiceUse;)Ljava/lang/Object;+1
j  org.eclipse.osgi.internal.serviceregistry.ServiceRegistrationImpl.getService(Lorg/eclipse/osgi/internal/framework/BundleContextImpl;Lorg/eclipse/osgi/internal/serviceregistry/ServiceConsumer;)Ljava/lang/Object;+459
j  org.eclipse.osgi.internal.serviceregistry.ServiceRegistry.getService(Lorg/eclipse/osgi/internal/framework/BundleContextImpl;Lorg/eclipse/osgi/internal/serviceregistry/ServiceReferenceImpl;)Ljava/lang/Object;+12
j  org.eclipse.osgi.internal.framework.BundleContextImpl.getService(Lorg/osgi/framework/ServiceReference;)Ljava/lang/Object;+35
j  org.apache.felix.scr.impl.manager.SingleRefPair.getServiceObject(Lorg/apache/felix/scr/impl/inject/ScrComponentContext;Lorg/osgi/framework/BundleContext;)Z+5
j  org.apache.felix.scr.impl.inject.methods.BindMethod.getServiceObject(Lorg/apache/felix/scr/impl/inject/BindParameters;Lorg/osgi/framework/BundleContext;)Z+84
j  org.apache.felix.scr.impl.manager.DependencyManager.getServiceObject(Lorg/apache/felix/scr/impl/manager/ComponentContextImpl;Lorg/apache/felix/scr/impl/inject/ReferenceMethod;Lorg/apache/felix/scr/impl/inject/RefPair;)Z+26
j  org.apache.felix.scr.impl.manager.DependencyManager$MultipleDynamicCustomizer.prebind(Lorg/apache/felix/scr/impl/manager/ComponentContextImpl;)Z+98
j  org.apache.felix.scr.impl.manager.DependencyManager.prebind(Lorg/apache/felix/scr/impl/manager/ComponentContextImpl;)Z+5
j  org.apache.felix.scr.impl.manager.AbstractComponentManager.collectDependencies(Lorg/apache/felix/scr/impl/manager/ComponentContextImpl;)Z+36
j  org.apache.felix.scr.impl.manager.SingleComponentManager.getServiceInternal(Lorg/osgi/framework/ServiceRegistration;)Z+25
j  org.apache.felix.scr.impl.manager.AbstractComponentManager.activateInternal()V+485
j  org.apache.felix.scr.impl.manager.DependencyManager$SingleStaticCustomizer.addedService(Lorg/osgi/framework/ServiceReference;Lorg/apache/felix/scr/impl/inject/RefPair;IILorg/apache/felix/scr/impl/manager/ExtendedServiceEvent;)V+267
j  org.apache.felix.scr.impl.manager.DependencyManager$SingleStaticCustomizer.addedService(Lorg/osgi/framework/ServiceReference;Ljava/lang/Object;IILorg/osgi/framework/ServiceEvent;)V+14
j  org.apache.felix.scr.impl.manager.ServiceTracker$Tracked.customizerAdded(Lorg/osgi/framework/ServiceReference;Lorg/osgi/framework/ServiceEvent;Ljava/lang/Object;II)V+14
j  org.apache.felix.scr.impl.manager.ServiceTracker$Tracked.customizerAdded(Ljava/lang/Object;Ljava/lang/Object;Ljava/lang/Object;II)V+14
j  org.apache.felix.scr.impl.manager.ServiceTracker$AbstractTracked.trackAdding(Ljava/lang/Object;Ljava/lang/Object;)V+207
j  org.apache.felix.scr.impl.manager.ServiceTracker$AbstractTracked.track(Ljava/lang/Object;Ljava/lang/Object;)V+104
j  org.apache.felix.scr.impl.manager.ServiceTracker$Tracked.serviceChanged(Lorg/osgi/framework/ServiceEvent;)V+67
j  org.apache.felix.scr.impl.BundleComponentActivator$ListenerInfo.serviceChanged(Lorg/osgi/framework/ServiceEvent;)V+66
J 1860 c1 org.eclipse.osgi.internal.serviceregistry.FilteredServiceListener.serviceChanged(Lorg/osgi/framework/ServiceEvent;)V (296 bytes) @ 0x000001e4ddb82f34 [0x000001e4ddb80620+0x0000000000002914]
J 1967 c1 org.eclipse.osgi.internal.framework.BundleContextImpl.dispatchEvent(Ljava/lang/Object;Ljava/lang/Object;ILjava/lang/Object;)V (577 bytes) @ 0x000001e4ddbb77d4 [0x000001e4ddbb3f00+0x00000000000038d4]
J 2140 c1 org.eclipse.osgi.framework.eventmgr.EventManager.dispatchEvent(Ljava/util/Set;Lorg/eclipse/osgi/framework/eventmgr/EventDispatcher;ILjava/lang/Object;)V (69 bytes) @ 0x000001e4ddc16cd4 [0x000001e4ddc167c0+0x0000000000000514]
j  org.eclipse.osgi.framework.eventmgr.ListenerQueue.dispatchEventSynchronous(ILjava/lang/Object;)V+67
j  org.eclipse.osgi.internal.serviceregistry.ServiceRegistry.publishServiceEventPrivileged(Lorg/osgi/framework/ServiceEvent;)V+320
j  org.eclipse.osgi.internal.serviceregistry.ServiceRegistry.publishServiceEvent(Lorg/osgi/framework/ServiceEvent;)V+8
j  org.eclipse.osgi.internal.serviceregistry.ServiceRegistrationImpl.register(Ljava/util/Dictionary;)V+137
j  org.eclipse.osgi.internal.serviceregistry.ServiceRegistry.registerService(Lorg/eclipse/osgi/internal/framework/BundleContextImpl;[Ljava/lang/String;Ljava/lang/Object;Ljava/util/Dictionary;)Lorg/eclipse/osgi/internal/serviceregistry/ServiceRegistrationImpl;+317
j  org.eclipse.osgi.internal.framework.BundleContextImpl.registerService([Ljava/lang/String;Ljava/lang/Object;Ljava/util/Dictionary;)Lorg/osgi/framework/ServiceRegistration;+15
j  org.eclipse.osgi.internal.framework.BundleContextImpl.registerService(Ljava/lang/String;Ljava/lang/Object;Ljava/util/Dictionary;)Lorg/osgi/framework/ServiceRegistration;+15
j  org.eclipse.osgi.internal.framework.BundleContextImpl.registerService(Ljava/lang/Class;Ljava/lang/Object;Ljava/util/Dictionary;)Lorg/osgi/framework/ServiceRegistration;+7
j  org.eclipse.core.resources.ResourcesPlugin$WorkspaceInitCustomizer.addingService(Lorg/osgi/framework/ServiceReference;)Lorg/eclipse/core/internal/resources/Workspace;+83
j  org.eclipse.core.resources.ResourcesPlugin$WorkspaceInitCustomizer.addingService(Lorg/osgi/framework/ServiceReference;)Ljava/lang/Object;+5
j  org.osgi.util.tracker.ServiceTracker$Tracked.customizerAdding(Lorg/osgi/framework/ServiceReference;Lorg/osgi/framework/ServiceEvent;)Ljava/lang/Object;+8
j  org.osgi.util.tracker.ServiceTracker$Tracked.customizerAdding(Ljava/lang/Object;Ljava/lang/Object;)Ljava/lang/Object;+9
j  org.osgi.util.tracker.AbstractTracked.trackAdding(Ljava/lang/Object;Ljava/lang/Object;)V+8
j  org.osgi.util.tracker.AbstractTracked.trackInitial()V+90
j  org.osgi.util.tracker.ServiceTracker.open(Z)V+198
j  org.osgi.util.tracker.ServiceTracker.open()V+2
j  org.eclipse.core.resources.ResourcesPlugin.start(Lorg/osgi/framework/BundleContext;)V+106
j  org.eclipse.osgi.internal.framework.BundleContextImpl$2.run()Ljava/lang/Void;+23
j  org.eclipse.osgi.internal.framework.BundleContextImpl$2.run()Ljava/lang/Object;+1
J 1152 c1 java.security.AccessController.executePrivileged(Ljava/security/PrivilegedExceptionAction;Ljava/security/AccessControlContext;Ljava/lang/Class;)Ljava/lang/Object; java.base@21.0.10 (65 bytes) @ 0x000001e4dda14e44 [0x000001e4dda14ce0+0x0000000000000164]
j  java.security.AccessController.doPrivileged(Ljava/security/PrivilegedExceptionAction;)Ljava/lang/Object;+9 java.base@21.0.10
j  org.eclipse.osgi.internal.framework.BundleContextImpl.startActivator(Lorg/osgi/framework/BundleActivator;)V+9
j  org.eclipse.osgi.internal.framework.BundleContextImpl.start()V+141
j  org.eclipse.osgi.internal.framework.EquinoxBundle.startWorker0()V+35
j  org.eclipse.osgi.internal.framework.EquinoxBundle$EquinoxModule.startWorker()V+4
j  org.eclipse.osgi.container.Module.doStart([Lorg/eclipse/osgi/container/Module$StartOptions;)Lorg/eclipse/osgi/container/ModuleContainerAdaptor$ModuleEvent;+200
j  org.eclipse.osgi.container.Module.start([Lorg/eclipse/osgi/container/Module$StartOptions;)V+460
j  org.eclipse.osgi.framework.util.SecureAction.start(Lorg/eclipse/osgi/container/Module;[Lorg/eclipse/osgi/container/Module$StartOptions;)V+8
J 1978 c1 org.eclipse.osgi.internal.hooks.EclipseLazyStarter.postFindLocalClass(Ljava/lang/String;Ljava/lang/Class;Lorg/eclipse/osgi/internal/loader/classpath/ClasspathManager;)V (394 bytes) @ 0x000001e4ddbc5f94 [0x000001e4ddbc4fc0+0x0000000000000fd4]
J 2091 c1 org.eclipse.osgi.internal.loader.classpath.ClasspathManager.findLocalClass(Ljava/lang/String;)Ljava/lang/Class; (210 bytes) @ 0x000001e4ddbf79f4 [0x000001e4ddbf69e0+0x0000000000001014]
J 1976 c1 org.eclipse.osgi.internal.loader.BundleLoader.findLocalClass(Ljava/lang/String;)Ljava/lang/Class; (159 bytes) @ 0x000001e4ddbc27d4 [0x000001e4ddbc1be0+0x0000000000000bf4]
J 1883 c1 org.eclipse.osgi.internal.loader.BundleLoader.findClass0(Ljava/lang/String;ZZ)Ljava/lang/Class; (490 bytes) @ 0x000001e4ddb8d814 [0x000001e4ddb8a660+0x00000000000031b4]
J 1882 c1 org.eclipse.osgi.internal.loader.BundleLoader.findClass(Ljava/lang/String;)Ljava/lang/Class; (8 bytes) @ 0x000001e4ddb89c4c [0x000001e4ddb89bc0+0x000000000000008c]
J 1925 c1 org.eclipse.osgi.internal.loader.ModuleClassLoader.loadClass(Ljava/lang/String;Z)Ljava/lang/Class; (36 bytes) @ 0x000001e4ddba06cc [0x000001e4ddba04a0+0x000000000000022c]
J 1016 c1 java.lang.ClassLoader.loadClass(Ljava/lang/String;)Ljava/lang/Class; java.base@21.0.10 (7 bytes) @ 0x000001e4dd9d6a54 [0x000001e4dd9d6940+0x0000000000000114]
v  ~StubRoutines::call_stub 0x000001e4e4d7100d
j  java.lang.Class.getDeclaredConstructors0(Z)[Ljava/lang/reflect/Constructor;+0 java.base@21.0.10
j  java.lang.Class.privateGetDeclaredConstructors(Z)[Ljava/lang/reflect/Constructor;+52 java.base@21.0.10
j  java.lang.Class.getConstructor0([Ljava/lang/Class;I)Ljava/lang/reflect/Constructor;+14 java.base@21.0.10
j  java.lang.Class.getConstructor([Ljava/lang/Class;)Ljava/lang/reflect/Constructor;+24 java.base@21.0.10
j  org.eclipse.osgi.internal.framework.BundleContextImpl.loadBundleActivator()Lorg/osgi/framework/BundleActivator;+105
j  org.eclipse.osgi.internal.framework.BundleContextImpl.start()V+18
j  org.eclipse.osgi.internal.framework.EquinoxBundle.startWorker0()V+35
j  org.eclipse.osgi.internal.framework.EquinoxBundle$EquinoxModule.startWorker()V+4
j  org.eclipse.osgi.container.Module.doStart([Lorg/eclipse/osgi/container/Module$StartOptions;)Lorg/eclipse/osgi/container/ModuleContainerAdaptor$ModuleEvent;+200
j  org.eclipse.osgi.container.Module.start([Lorg/eclipse/osgi/container/Module$StartOptions;)V+460
j  org.eclipse.osgi.container.ModuleContainer$ContainerStartLevel$2.run()V+83
j  org.eclipse.osgi.internal.framework.EquinoxContainerAdaptor$1$1.execute(Ljava/lang/Runnable;)V+1
j  org.eclipse.osgi.container.ModuleContainer$ContainerStartLevel.incStartLevel(ILjava/util/List;Z)V+193
j  org.eclipse.osgi.container.ModuleContainer$ContainerStartLevel.incStartLevel(ILjava/util/List;Ljava/util/List;Ljava/util/List;Ljava/util/List;)V+19
j  org.eclipse.osgi.container.ModuleContainer$ContainerStartLevel.doContainerStartLevel(Lorg/eclipse/osgi/container/Module;I[Lorg/osgi/framework/FrameworkListener;)V+358
j  org.eclipse.osgi.container.ModuleContainer$ContainerStartLevel.dispatchEvent(Lorg/eclipse/osgi/container/Module;[Lorg/osgi/framework/FrameworkListener;ILjava/lang/Integer;)V+32
j  org.eclipse.osgi.container.ModuleContainer$ContainerStartLevel.dispatchEvent(Ljava/lang/Object;Ljava/lang/Object;ILjava/lang/Object;)V+15
j  org.eclipse.osgi.framework.eventmgr.EventManager.dispatchEvent(Ljava/util/Set;Lorg/eclipse/osgi/framework/eventmgr/EventDispatcher;ILjava/lang/Object;)V+48
j  org.eclipse.osgi.framework.eventmgr.EventManager$EventThread.run()V+26
v  ~StubRoutines::call_stub 0x000001e4e4d7100d

Compiled method (n/a) 23538 1115     n 0       java.lang.ClassLoader::defineClass1 (native)
 total in heap  [0x000001e4e5383090,0x000001e4e5383518] = 1160
 relocation     [0x000001e4e53831f0,0x000001e4e5383228] = 56
 main code      [0x000001e4e5383240,0x000001e4e5383516] = 726
 stub code      [0x000001e4e5383516,0x000001e4e5383518] = 2

[Constant Pool (empty)]

[MachCode]
[Entry Point]
  # {method} {0x000001e480434f58} 'defineClass1' '(Ljava/lang/ClassLoader;Ljava/lang/String;[BIILjava/security/ProtectionDomain;Ljava/lang/String;)Ljava/lang/Class;' in 'java/lang/ClassLoader'
  # parm0:    rdx:rdx   = 'java/lang/ClassLoader'
  # parm1:    r8:r8     = 'java/lang/String'
  # parm2:    r9:r9     = '[B'
  # parm3:    rdi       = int
  # parm4:    rsi       = int
  # parm5:    rcx:rcx   = 'java/security/ProtectionDomain'
  # parm6:    [sp+0xa0]   = 'java/lang/String'  (sp of caller)
  0x000001e4e5383240: 448b 5208 | 49bb 0000 | 0080 e401 | 0000 4d03 | d349 3bc2 | 0f84 0600 

  0x000001e4e5383258: ;   {runtime_call ic_miss_stub}
  0x000001e4e5383258: 0000 e921 | b2a3 ff90 
[Verified Entry Point]
  0x000001e4e5383260: 8984 2400 | 80ff ff55 | 488b ec48 | 81ec 9000 | 0000 6690 | 4181 7f20 | 0100 0000 

  0x000001e4e538327c: ;   {runtime_call StubRoutines (final stubs)}
  0x000001e4e538327c: 7405 e85d | 57a2 ff48 | 837d 1000 | 488d 4510 | 480f 4445 | 1048 8944 | 2440 4889 | 4c24 7048 
  0x000001e4e538329c: 83f9 0048 | 8d44 2470 | 480f 4444 | 2470 4889 | 4424 3848 | 8974 2430 | 4889 7c24 | 284c 894c 
  0x000001e4e53832bc: 2458 4983 | f900 488d | 4424 5848 | 0f44 4424 | 5848 8944 | 2420 4c89 | 4424 5049 | 83f8 004c 
  0x000001e4e53832dc: 8d4c 2450 | 4c0f 444c | 2450 4889 | 5424 4848 | 83fa 004c | 8d44 2448 | 4c0f 4444 

  0x000001e4e53832f8: ;   {oop(a 'java/lang/Class'{0x0000000080000938} = 'java/lang/ClassLoader')}
  0x000001e4e53832f8: 2448 49be | 3809 0080 | 0000 0000 | 4c89 7424 | 784c 8d74 | 2478 498b | d6c5 f877 

  0x000001e4e5383314: ;   {internal_word}
  0x000001e4e5383314: 49ba 1133 | 38e5 e401 | 0000 4d89 | 97a8 0300 | 0049 89a7 | a003 0000 

  0x000001e4e538332c: ;   {external_word}
  0x000001e4e538332c: 49ba c65c | 560a fa7f | 0000 4180 | 3a00 0f84 | 4e00 0000 | 5241 5041 

  0x000001e4e5383344: ;   {metadata({method} {0x000001e480434f58} 'defineClass1' '(Ljava/lang/ClassLoader;Ljava/lang/String;[BIILjava/security/ProtectionDomain;Ljava/lang/String;)Ljava/lang/Class;' in 'java/lang/ClassLoader')}
  0x000001e4e5383344: 5148 ba50 | 4f43 80e4 | 0100 0049 | 8bcf 4883 | ec20 40f6 | c40f 0f84 | 1900 0000 | 4883 ec08 
  0x000001e4e5383364: ;   {runtime_call}
  0x000001e4e5383364: 48b8 50e1 | ff09 fa7f | 0000 ffd0 | 4883 c408 | e90c 0000 

  0x000001e4e5383378: ;   {runtime_call}
  0x000001e4e5383378: 0048 b850 | e1ff 09fa | 7f00 00ff | d048 83c4 | 2041 5941 | 585a 498d | 8fc0 0300 | 0041 c787 
  0x000001e4e5383398: 4c04 0000 | 0400 0000 

  0x000001e4e53833a0: ;   {runtime_call}
  0x000001e4e53833a0: 48b8 ac16 | 088c fa7f | 0000 ffd0 | c5f8 7741 | c787 4c04 | 0000 0500 | 0000 f083 | 4424 c000 
  0x000001e4e53833c0: 493b af50 | 0400 000f | 870e 0000 | 0041 83bf | 4804 0000 | 000f 842b | 0000 00c5 | f877 4889 
  0x000001e4e53833e0: 45f8 498b | cf4c 8be4 | 4883 ec20 | 4883 e4f0 

  0x000001e4e53833f0: ;   {runtime_call}
  0x000001e4e53833f0: 48b8 d052 | cb09 fa7f | 0000 ffd0 | 498b e44d | 33e4 488b | 45f8 41c7 | 874c 0400 | 0008 0000 
  0x000001e4e5383410: 0041 83bf | c804 0000 | 020f 84ca 

  0x000001e4e538341c: ;   {external_word}
  0x000001e4e538341c: 0000 0049 | bac6 5c56 | 0afa 7f00 | 0041 803a | 000f 844c | 0000 0048 

  0x000001e4e5383434: ;   {metadata({method} {0x000001e480434f58} 'defineClass1' '(Ljava/lang/ClassLoader;Ljava/lang/String;[BIILjava/security/ProtectionDomain;Ljava/lang/String;)Ljava/lang/Class;' in 'java/lang/ClassLoader')}
  0x000001e4e5383434: 8945 f848 | ba50 4f43 | 80e4 0100 | 0049 8bcf | 4883 ec20 | 40f6 c40f | 0f84 1900 | 0000 4883 
  0x000001e4e5383454: ;   {runtime_call}
  0x000001e4e5383454: ec08 48b8 | 50e1 ff09 | fa7f 0000 | ffd0 4883 | c408 e90c 

  0x000001e4e5383468: ;   {runtime_call}
  0x000001e4e5383468: 0000 0048 | b850 e1ff | 09fa 7f00 | 00ff d048 | 83c4 2048 | 8b45 f849 | c787 a003 | 0000 0000 
  0x000001e4e5383488: 0000 49c7 | 87a8 0300 | 0000 0000 | 00c5 f877 | 4885 c00f | 8425 0000 | 00a8 030f | 8508 0000 
  0x000001e4e53834a8: 0048 8b00 | e915 0000 | 00a8 010f | 8509 0000 | 0048 8b40 | fee9 0400 | 0000 488b | 40ff 498b 
  0x000001e4e53834c8: 8f30 0400 | 00c7 8100 | 0100 0000 | 0000 00c9 | 4983 7f08 | 000f 8501 | 0000 00c3 

  0x000001e4e53834e4: ;   {runtime_call StubRoutines (initial stubs)}
  0x000001e4e53834e4: e917 da9e | ffc5 f877 | 4889 45f8 | 4c8b e448 | 83ec 2048 

  0x000001e4e53834f8: ;   {runtime_call}
  0x000001e4e53834f8: 83e4 f048 | b8a0 1800 | 0afa 7f00 | 00ff d049 | 8be4 4d33 | e448 8b45 | f8e9 09ff | ffff f4f4 
[/MachCode]


Compiled method (c1) 23547 1814       3       java.lang.ClassLoader::defineClass (43 bytes)
 total in heap  [0x000001e4ddb6aa90,0x000001e4ddb6b3f0] = 2400
 relocation     [0x000001e4ddb6abf0,0x000001e4ddb6ac90] = 160
 main code      [0x000001e4ddb6aca0,0x000001e4ddb6b140] = 1184
 stub code      [0x000001e4ddb6b140,0x000001e4ddb6b1b8] = 120
 metadata       [0x000001e4ddb6b1b8,0x000001e4ddb6b1e8] = 48
 scopes data    [0x000001e4ddb6b1e8,0x000001e4ddb6b2d8] = 240
 scopes pcs     [0x000001e4ddb6b2d8,0x000001e4ddb6b3b8] = 224
 dependencies   [0x000001e4ddb6b3b8,0x000001e4ddb6b3c8] = 16
 nul chk table  [0x000001e4ddb6b3c8,0x000001e4ddb6b3f0] = 40

[Constant Pool (empty)]

[MachCode]
[Entry Point]
  # {method} {0x000001e4804352d8} 'defineClass' '(Ljava/lang/String;[BIILjava/security/ProtectionDomain;)Ljava/lang/Class;' in 'java/lang/ClassLoader'
  # this:     rdx:rdx   = 'java/lang/ClassLoader'
  # parm0:    r8:r8     = 'java/lang/String'
  # parm1:    r9:r9     = '[B'
  # parm2:    rdi       = int
  # parm3:    rsi       = int
  # parm4:    rcx:rcx   = 'java/security/ProtectionDomain'
  #           [sp+0xc0]  (sp of caller)
  0x000001e4ddb6aca0: 448b 5208 | 49bb 0000 | 0080 e401 | 0000 4d03 | d34c 3bd0 

  0x000001e4ddb6acb4: ;   {runtime_call ic_miss_stub}
  0x000001e4ddb6acb4: 0f85 c637 | 2507 660f | 1f44 0000 
[Verified Entry Point]
  0x000001e4ddb6acc0: 8984 2400 | 80ff ff55 | 4881 ecb0 | 0000 0090 | 4181 7f20 | 0100 0000 

  0x000001e4ddb6acd8: ;   {runtime_call StubRoutines (final stubs)}
  0x000001e4ddb6acd8: 7405 e801 | dd23 0748 | 8954 2478 

  0x000001e4ddb6ace4: ;   {metadata(method data for {method} {0x000001e4804352d8} 'defineClass' '(Ljava/lang/String;[BIILjava/security/ProtectionDomain;)Ljava/lang/Class;' in 'java/lang/ClassLoader')}
  0x000001e4ddb6ace4: 48bb c8c4 | 36f4 e401 | 0000 8b83 | cc00 0000 | 83c0 0289 | 83cc 0000 | 0025 fe07 | 0000 85c0 
  0x000001e4ddb6ad04: 0f84 5803 | 0000 89b4 | 2494 0000 | 0089 bc24 | 9000 0000 | 4c89 8c24 | 8800 0000 

  0x000001e4ddb6ad20: ;   {metadata(method data for {method} {0x000001e4804352d8} 'defineClass' '(Ljava/lang/String;[BIILjava/security/ProtectionDomain;)Ljava/lang/Class;' in 'java/lang/ClassLoader')}
  0x000001e4ddb6ad20: 488b da48 | b8c8 c436 | f4e4 0100 | 0048 8380 | 1001 0000 | 0149 8bd8 | 4c8b c34c | 8bc9 488b 
  0x000001e4ddb6ad40: ca48 8bd1 | 4889 9c24 | 8000 0000 

  0x000001e4ddb6ad4c: ;   {optimized virtual_call}
  0x000001e4ddb6ad4c: 6666 90e8 

  0x000001e4ddb6ad50: ; ImmutableOopMap {[120]=Oop [128]=Oop [136]=Oop }
                      ;*invokevirtual preDefineClass {reexecute=0 rethrow=0 return_oop=0}
                      ; - java.lang.ClassLoader::defineClass@4
  0x000001e4ddb6ad50: cc6f f0ff 

  0x000001e4ddb6ad54: ;   {other}
  0x000001e4ddb6ad54: 0f1f 8400 | c402 0000 | 4889 8424 | 9800 0000 | 488b 5424 

  0x000001e4ddb6ad68: ;   {metadata(method data for {method} {0x000001e4804352d8} 'defineClass' '(Ljava/lang/String;[BIILjava/security/ProtectionDomain;)Ljava/lang/Class;' in 'java/lang/ClassLoader')}
  0x000001e4ddb6ad68: 7849 b8c8 | c436 f4e4 | 0100 0049 | 8380 4801 

  0x000001e4ddb6ad78: ;   {metadata(method data for {method} {0x000001e480434fc0} 'defineClassSourceLocation' '(Ljava/security/ProtectionDomain;)Ljava/lang/String;' in 'java/lang/ClassLoader')}
  0x000001e4ddb6ad78: 0000 0149 | b8e0 cb36 | f4e4 0100 | 0041 8b90 | cc00 0000 | 83c2 0241 | 8990 cc00 | 0000 81e2 
  0x000001e4ddb6ad98: feff 1f00 | 85d2 0f84 | df02 0000 

  0x000001e4ddb6ada4: ; implicit exception: dispatches to 0x000001e4ddb6b0a4
  0x000001e4ddb6ada4: 483b 004c 

  0x000001e4ddb6ada8: ;   {metadata(method data for {method} {0x000001e480434fc0} 'defineClassSourceLocation' '(Ljava/security/ProtectionDomain;)Ljava/lang/String;' in 'java/lang/ClassLoader')}
  0x000001e4ddb6ada8: 8bc0 48ba | e0cb 36f4 | e401 0000 | 4883 8210 | 0100 0001 | 448b 4010 

  0x000001e4ddb6adc0: ;   {metadata(method data for {method} {0x000001e480434fc0} 'defineClassSourceLocation' '(Ljava/security/ProtectionDomain;)Ljava/lang/String;' in 'java/lang/ClassLoader')}
  0x000001e4ddb6adc0: 4d85 c048 | bae0 cb36 | f4e4 0100 | 0048 c7c6 | 5801 0000 | 7507 48c7 | c648 0100 | 0048 8b3c 
  0x000001e4ddb6ade0: 3248 8d7f | 0148 893c | 320f 850f 

  0x000001e4ddb6adec: ;   {oop(nullptr)}
  0x000001e4ddb6adec: 0000 0048 | bb00 0000 | 0000 0000 | 00e9 a901 | 0000 493b | 0049 8bd0 

  0x000001e4ddb6ae04: ;   {metadata(method data for {method} {0x000001e480434fc0} 'defineClassSourceLocation' '(Ljava/security/ProtectionDomain;)Ljava/lang/String;' in 'java/lang/ClassLoader')}
  0x000001e4ddb6ae04: 48be e0cb | 36f4 e401 | 0000 4883 | 8668 0100 | 0001 418b | 500c 4885 

  0x000001e4ddb6ae1c: ;   {metadata(method data for {method} {0x000001e480434fc0} 'defineClassSourceLocation' '(Ljava/security/ProtectionDomain;)Ljava/lang/String;' in 'java/lang/ClassLoader')}
  0x000001e4ddb6ae1c: d248 bee0 | cb36 f4e4 | 0100 0048 | c7c7 b001 | 0000 7507 | 48c7 c7a0 | 0100 0048 | 8b1c 3e48 
  0x000001e4ddb6ae3c: 8d5b 0148 | 891c 3e0f | 850f 0000 

  0x000001e4ddb6ae48: ;   {oop(nullptr)}
  0x000001e4ddb6ae48: 0048 bb00 | 0000 0000 | 0000 00e9 | 4f01 0000 

  0x000001e4ddb6ae58: ;   {metadata(method data for {method} {0x000001e480434fc0} 'defineClassSourceLocation' '(Ljava/security/ProtectionDomain;)Ljava/lang/String;' in 'java/lang/ClassLoader')}
  0x000001e4ddb6ae58: 48be e0cb | 36f4 e401 | 0000 4883 | 86c0 0100 | 0001 483b | 024c 8bc2 

  0x000001e4ddb6ae70: ;   {metadata(method data for {method} {0x000001e480434fc0} 'defineClassSourceLocation' '(Ljava/security/ProtectionDomain;)Ljava/lang/String;' in 'java/lang/ClassLoader')}
  0x000001e4ddb6ae70: 48be e0cb | 36f4 e401 | 0000 4883 | 86f8 0100 

  0x000001e4ddb6ae80: ;   {metadata(method data for {method} {0x000001e48001abf0} 'toString' '()Ljava/lang/String;' in 'java/net/URL')}
  0x000001e4ddb6ae80: 0001 49b8 | b0bf 36f4 | e401 0000 | 418b b0cc | 0000 0083 | c602 4189 | b0cc 0000 | 0081 e6fe 
  0x000001e4ddb6aea0: ff1f 0085 | f60f 8408 | 0200 004c 

  0x000001e4ddb6aeac: ;   {metadata(method data for {method} {0x000001e48001abf0} 'toString' '()Ljava/lang/String;' in 'java/net/URL')}
  0x000001e4ddb6aeac: 8bc2 48be | b0bf 36f4 | e401 0000 | 4883 8610 | 0100 0001 

  0x000001e4ddb6aec0: ;   {metadata(method data for {method} {0x000001e480428b60} 'toExternalForm' '()Ljava/lang/String;' in 'java/net/URL')}
  0x000001e4ddb6aec0: 49b8 285e | 36f4 e401 | 0000 418b | b0cc 0000 | 0083 c602 | 4189 b0cc | 0000 0081 | e6fe ff1f 
  0x000001e4ddb6aee0: 0085 f60f | 84eb 0100 | 008b 7238 

  0x000001e4ddb6aeec: ; implicit exception: dispatches to 0x000001e4ddb6b0f5
  0x000001e4ddb6aeec: 483b 064c 

  0x000001e4ddb6aef0: ;   {metadata(method data for {method} {0x000001e480428b60} 'toExternalForm' '()Ljava/lang/String;' in 'java/net/URL')}
  0x000001e4ddb6aef0: 8bc6 48bf | 285e 36f4 | e401 0000 | 458b 4008 | 49ba 0000 | 0080 e401 | 0000 4d03 | c24c 3b87 
  0x000001e4ddb6af10: 2001 0000 | 750d 4883 | 8728 0100 | 0001 e960 | 0000 004c | 3b87 3001 | 0000 750d | 4883 8738 
  0x000001e4ddb6af30: 0100 0001 | e94a 0000 | 0048 83bf | 2001 0000 | 0075 174c | 8987 2001 | 0000 48c7 | 8728 0100 
  0x000001e4ddb6af50: 0001 0000 | 00e9 2900 | 0000 4883 | bf30 0100 | 0000 7517 | 4c89 8730 | 0100 0048 | c787 3801 
  0x000001e4ddb6af70: 0000 0100 | 0000 e908 | 0000 0048 | 8387 1001 | 0000 014c | 8bc2 488b | d60f 1f40 | 0048 b8ff 
  0x000001e4ddb6af90: ffff ffff 

  0x000001e4ddb6af94: ;   {virtual_call}
  0x000001e4ddb6af94: ffff ffe8 

  0x000001e4ddb6af98: ; ImmutableOopMap {[120]=Oop [128]=Oop [136]=Oop [152]=Oop }
                      ;*invokevirtual toExternalForm {reexecute=0 rethrow=0 return_oop=0}
                      ; - java.net.URL::toExternalForm@5
                      ; - java.net.URL::toString@1
                      ; - java.lang.ClassLoader::defineClassSourceLocation@22
                      ; - java.lang.ClassLoader::defineClass@12
  0x000001e4ddb6af98: 340a 3107 

  0x000001e4ddb6af9c: ;   {other}
  0x000001e4ddb6af9c: 0f1f 8400 | 0c05 0001 | 488b d848 | 8b84 2498 | 0000 008b | b424 9400 | 0000 8bbc | 2490 0000 
  0x000001e4ddb6afbc: 004c 8b8c | 2488 0000 | 004c 8b84 | 2480 0000 | 0048 8b54 

  0x000001e4ddb6afd0: ;   {metadata(method data for {method} {0x000001e4804352d8} 'defineClass' '(Ljava/lang/String;[BIILjava/security/ProtectionDomain;)Ljava/lang/Class;' in 'java/lang/ClassLoader')}
  0x000001e4ddb6afd0: 2478 48b9 | c8c4 36f4 | e401 0000 | 4883 8180 | 0100 0001 | 4c8b da49 | 8bd3 488b | c848 891c 
  0x000001e4ddb6aff0: 2466 0f1f 

  0x000001e4ddb6aff4: ;   {static_call}
  0x000001e4ddb6aff4: 4400 00e8 

  0x000001e4ddb6aff8: ; ImmutableOopMap {[120]=Oop [152]=Oop }
                      ;*invokestatic defineClass1 {reexecute=0 rethrow=0 return_oop=0}
                      ; - java.lang.ClassLoader::defineClass@27
  0x000001e4ddb6aff8: 6482 8107 

  0x000001e4ddb6affc: ;   {other}
  0x000001e4ddb6affc: 0f1f 8400 | 6c05 0002 | 488b 5424 

  0x000001e4ddb6b008: ;   {metadata(method data for {method} {0x000001e4804352d8} 'defineClass' '(Ljava/lang/String;[BIILjava/security/ProtectionDomain;)Ljava/lang/Class;' in 'java/lang/ClassLoader')}
  0x000001e4ddb6b008: 7849 b8c8 | c436 f4e4 | 0100 0049 | 8380 9001 | 0000 014c | 8bc0 4c8b | 8c24 9800 | 0000 488b 
  0x000001e4ddb6b028: 5424 7848 | 8984 24a0 | 0000 000f 

  0x000001e4ddb6b034: ;   {optimized virtual_call}
  0x000001e4ddb6b034: 1f40 00e8 

  0x000001e4ddb6b038: ; ImmutableOopMap {[160]=Oop }
                      ;*invokevirtual postDefineClass {reexecute=0 rethrow=0 return_oop=0}
                      ; - java.lang.ClassLoader::defineClass@37
  0x000001e4ddb6b038: e4c2 f8ff 

  0x000001e4ddb6b03c: ;   {other}
  0x000001e4ddb6b03c: 0f1f 8400 | ac05 0003 | 488b 8424 | a000 0000 | 4881 c4b0 | 0000 005d 

  0x000001e4ddb6b054: ;   {poll_return}
  0x000001e4ddb6b054: 493b a750 | 0400 000f | 8799 0000 

  0x000001e4ddb6b060: ;   {metadata({method} {0x000001e4804352d8} 'defineClass' '(Ljava/lang/String;[BIILjava/security/ProtectionDomain;)Ljava/lang/Class;' in 'java/lang/ClassLoader')}
  0x000001e4ddb6b060: 00c3 49ba | d052 4380 | e401 0000 | 4c89 5424 | 0848 c704 | 24ff ffff 

  0x000001e4ddb6b078: ;   {runtime_call counter_overflow Runtime1 stub}
  0x000001e4ddb6b078: ffe8 8290 

  0x000001e4ddb6b07c: ; ImmutableOopMap {rdx=Oop r8=Oop r9=Oop rcx=Oop [120]=Oop }
                      ;*synchronization entry
                      ; - java.lang.ClassLoader::defineClass@-1
  0x000001e4ddb6b07c: 3007 e987 

  0x000001e4ddb6b080: ;   {metadata({method} {0x000001e480434fc0} 'defineClassSourceLocation' '(Ljava/security/ProtectionDomain;)Ljava/lang/String;' in 'java/lang/ClassLoader')}
  0x000001e4ddb6b080: fcff ff49 | bab8 4f43 | 80e4 0100 | 004c 8954 | 2408 48c7 | 0424 ffff 

  0x000001e4ddb6b098: ;   {runtime_call counter_overflow Runtime1 stub}
  0x000001e4ddb6b098: ffff e861 

  0x000001e4ddb6b09c: ; ImmutableOopMap {rax=Oop [120]=Oop [128]=Oop [136]=Oop [152]=Oop }
                      ;*synchronization entry
                      ; - java.lang.ClassLoader::defineClassSourceLocation@-1
                      ; - java.lang.ClassLoader::defineClass@12
  0x000001e4ddb6b09c: 9030 07e9 | 00fd ffff 

  0x000001e4ddb6b0a4: ;   {runtime_call throw_null_pointer_exception Runtime1 stub}
  0x000001e4ddb6b0a4: e8d7 2430 

  0x000001e4ddb6b0a8: ; ImmutableOopMap {rax=Oop [120]=Oop [128]=Oop [136]=Oop [152]=Oop }
                      ;*invokevirtual getCodeSource {reexecute=0 rethrow=0 return_oop=0}
                      ; - java.lang.ClassLoader::defineClassSourceLocation@1
                      ; - java.lang.ClassLoader::defineClass@12
                      ;   {runtime_call throw_null_pointer_exception Runtime1 stub}
  0x000001e4ddb6b0a8: 07e8 d224 

  0x000001e4ddb6b0ac: ; ImmutableOopMap {rax=Oop r8=Oop [120]=Oop [128]=Oop [136]=Oop [152]=Oop }
                      ;*invokevirtual getLocation {reexecute=0 rethrow=0 return_oop=0}
                      ; - java.lang.ClassLoader::defineClassSourceLocation@12
                      ; - java.lang.ClassLoader::defineClass@12
                      ;   {runtime_call throw_null_pointer_exception Runtime1 stub}
  0x000001e4ddb6b0ac: 3007 e8cd 

  0x000001e4ddb6b0b0: ; ImmutableOopMap {rdx=Oop [120]=Oop [128]=Oop [136]=Oop [152]=Oop }
                      ;*invokevirtual toString {reexecute=0 rethrow=0 return_oop=0}
                      ; - java.lang.ClassLoader::defineClassSourceLocation@22
                      ; - java.lang.ClassLoader::defineClass@12
                      ;   {metadata({method} {0x000001e48001abf0} 'toString' '()Ljava/lang/String;' in 'java/net/URL')}
  0x000001e4ddb6b0b0: 2430 0749 | bae8 ab01 | 80e4 0100 | 004c 8954 | 2408 48c7 | 0424 ffff 

  0x000001e4ddb6b0c8: ;   {runtime_call counter_overflow Runtime1 stub}
  0x000001e4ddb6b0c8: ffff e831 

  0x000001e4ddb6b0cc: ; ImmutableOopMap {rdx=Oop [120]=Oop [128]=Oop [136]=Oop [152]=Oop }
                      ;*synchronization entry
                      ; - java.net.URL::toString@-1
                      ; - java.lang.ClassLoader::defineClassSourceLocation@22
                      ; - java.lang.ClassLoader::defineClass@12
  0x000001e4ddb6b0cc: 9030 07e9 | d7fd ffff 

  0x000001e4ddb6b0d4: ;   {metadata({method} {0x000001e480428b60} 'toExternalForm' '()Ljava/lang/String;' in 'java/net/URL')}
  0x000001e4ddb6b0d4: 49ba 588b | 4280 e401 | 0000 4c89 | 5424 0848 | c704 24ff 

  0x000001e4ddb6b0e8: ;   {runtime_call counter_overflow Runtime1 stub}
  0x000001e4ddb6b0e8: ffff ffe8 

  0x000001e4ddb6b0ec: ; ImmutableOopMap {rdx=Oop [120]=Oop [128]=Oop [136]=Oop [152]=Oop }
                      ;*synchronization entry
                      ; - java.net.URL::toExternalForm@-1
                      ; - java.net.URL::toString@1
                      ; - java.lang.ClassLoader::defineClassSourceLocation@22
                      ; - java.lang.ClassLoader::defineClass@12
  0x000001e4ddb6b0ec: 1090 3007 | e9f4 fdff 

  0x000001e4ddb6b0f4: ;   {runtime_call throw_null_pointer_exception Runtime1 stub}
  0x000001e4ddb6b0f4: ffe8 8624 

  0x000001e4ddb6b0f8: ; ImmutableOopMap {rdx=Oop rsi=Oop [120]=Oop [128]=Oop [136]=Oop [152]=Oop }
                      ;*invokevirtual toExternalForm {reexecute=0 rethrow=0 return_oop=0}
                      ; - java.net.URL::toExternalForm@5
                      ; - java.net.URL::toString@1
                      ; - java.lang.ClassLoader::defineClassSourceLocation@22
                      ; - java.lang.ClassLoader::defineClass@12
                      ;   {internal_word}
  0x000001e4ddb6b0f8: 3007 49ba | 54b0 b6dd | e401 0000 | 4d89 9768 

  0x000001e4ddb6b108: ;   {runtime_call SafepointBlob}
  0x000001e4ddb6b108: 0400 00e9 | f099 2507 | 498b 8700 | 0500 0049 | c787 0005 | 0000 0000 | 0000 49c7 | 8708 0500 
  0x000001e4ddb6b128: 0000 0000 | 0048 81c4 | b000 0000 

  0x000001e4ddb6b134: ;   {runtime_call unwind_exception Runtime1 stub}
  0x000001e4ddb6b134: 5de9 c644 | 2707 f4f4 | f4f4 f4f4 
[Stub Code]
  0x000001e4ddb6b140: ;   {no_reloc}
  0x000001e4ddb6b140: 0f1f 4400 

  0x000001e4ddb6b144: ;   {static_stub}
  0x000001e4ddb6b144: 0048 bb00 | 0000 0000 

  0x000001e4ddb6b14c: ;   {runtime_call nmethod}
  0x000001e4ddb6b14c: 0000 00e9 | fbff ffff 

  0x000001e4ddb6b154: ;   {static_stub}
  0x000001e4ddb6b154: 48bb 0000 | 0000 0000 

  0x000001e4ddb6b15c: ;   {runtime_call nmethod}
  0x000001e4ddb6b15c: 0000 e9fb 

  0x000001e4ddb6b160: ;   {static_stub}
  0x000001e4ddb6b160: ffff ff48 | bb00 0000 | 0000 0000 

  0x000001e4ddb6b16c: ;   {runtime_call nmethod}
  0x000001e4ddb6b16c: 00e9 fbff 

  0x000001e4ddb6b170: ;   {static_stub}
  0x000001e4ddb6b170: ffff 48bb | 0000 0000 | 0000 0000 

  0x000001e4ddb6b17c: ;   {runtime_call nmethod}
  0x000001e4ddb6b17c: e9fb ffff 

  0x000001e4ddb6b180: ;   {runtime_call handle_exception_from_callee Runtime1 stub}
  0x000001e4ddb6b180: ffe8 fa41 

  0x000001e4ddb6b184: ;   {external_word}
  0x000001e4ddb6b184: 3007 48b9 | 4053 2c0a | fa7f 0000 | 4883 e4f0 

  0x000001e4ddb6b194: ;   {runtime_call}
  0x000001e4ddb6b194: 48b8 b0c3 | ee09 fa7f | 0000 ffd0 

  0x000001e4ddb6b1a0: ;   {section_word}
  0x000001e4ddb6b1a0: f449 baa1 | b1b6 dde4 | 0100 0041 

  0x000001e4ddb6b1ac: ;   {runtime_call DeoptimizationBlob}
  0x000001e4ddb6b1ac: 52e9 ee8b | 2507 f4f4 | f4f4 f4f4 
[/MachCode]


Compiled method (c1) 23559 2353   !   3       org.eclipse.osgi.internal.loader.ModuleClassLoader::defineClass (67 bytes)
 total in heap  [0x000001e4ddc90c90,0x000001e4ddc91870] = 3040
 relocation     [0x000001e4ddc90df0,0x000001e4ddc90e98] = 168
 main code      [0x000001e4ddc90ea0,0x000001e4ddc914a0] = 1536
 stub code      [0x000001e4ddc914a0,0x000001e4ddc91510] = 112
 oops           [0x000001e4ddc91510,0x000001e4ddc91518] = 8
 metadata       [0x000001e4ddc91518,0x000001e4ddc91558] = 64
 scopes data    [0x000001e4ddc91558,0x000001e4ddc916a8] = 336
 scopes pcs     [0x000001e4ddc916a8,0x000001e4ddc917b8] = 272
 dependencies   [0x000001e4ddc917b8,0x000001e4ddc917d0] = 24
 handler table  [0x000001e4ddc917d0,0x000001e4ddc91848] = 120
 nul chk table  [0x000001e4ddc91848,0x000001e4ddc91870] = 40

[Constant Pool (empty)]

[MachCode]
[Entry Point]
  # {method} {0x000001e4f45dfe98} 'defineClass' '(Ljava/lang/String;[BLorg/eclipse/osgi/internal/loader/classpath/ClasspathEntry;)Lorg/eclipse/osgi/internal/loader/ModuleClassLoader$DefineClassResult;' in 'org/eclipse/osgi/internal/loader/ModuleClassLoader'
  # this:     rdx:rdx   = 'org/eclipse/osgi/internal/loader/ModuleClassLoader'
  # parm0:    r8:r8     = 'java/lang/String'
  # parm1:    r9:r9     = '[B'
  # parm2:    rdi:rdi   = 'org/eclipse/osgi/internal/loader/classpath/ClasspathEntry'
  #           [sp+0xb0]  (sp of caller)
  0x000001e4ddc90ea0: 448b 5208 | 49bb 0000 | 0080 e401 | 0000 4d03 | d34c 3bd0 

  0x000001e4ddc90eb4: ;   {runtime_call ic_miss_stub}
  0x000001e4ddc90eb4: 0f85 c6d5 | 1207 660f | 1f44 0000 
[Verified Entry Point]
  0x000001e4ddc90ec0: 8984 2400 | 80ff ff55 | 4881 eca0 | 0000 0090 | 4181 7f20 | 0100 0000 

  0x000001e4ddc90ed8: ;   {runtime_call StubRoutines (final stubs)}
  0x000001e4ddc90ed8: 7405 e801 

  0x000001e4ddc90edc: ;   {metadata(method data for {method} {0x000001e4f45dfe98} 'defineClass' '(Ljava/lang/String;[BLorg/eclipse/osgi/internal/loader/classpath/ClasspathEntry;)Lorg/eclipse/osgi/internal/loader/ModuleClassLoader$DefineClassResult;' in 'org/eclipse/osgi/internal/loader/ModuleClassLoader')}
  0x000001e4ddc90edc: 7b11 0748 | be70 d9ab | f4e4 0100 | 008b 9ecc | 0000 0083 | c302 899e | cc00 0000 | 81e3 fe07 
  0x000001e4ddc90efc: 0000 85db | 0f84 5304 | 0000 4889 | 7c24 704c | 894c 2468 

  0x000001e4ddc90f10: ;   {metadata(method data for {method} {0x000001e4f45dfe98} 'defineClass' '(Ljava/lang/String;[BLorg/eclipse/osgi/internal/loader/classpath/ClasspathEntry;)Lorg/eclipse/osgi/internal/loader/ModuleClassLoader$DefineClassResult;' in 'org/eclipse/osgi/internal/loader/ModuleClassLoader')}
  0x000001e4ddc90f10: 488b f248 | bb70 d9ab | f4e4 0100 | 008b 7608 | 49ba 0000 | 0080 e401 | 0000 4903 | f248 3bb3 
  0x000001e4ddc90f30: 2001 0000 | 750d 4883 | 8328 0100 | 0001 e960 | 0000 0048 | 3bb3 3001 | 0000 750d | 4883 8338 
  0x000001e4ddc90f50: 0100 0001 | e94a 0000 | 0048 83bb | 2001 0000 | 0075 1748 | 89b3 2001 | 0000 48c7 | 8328 0100 
  0x000001e4ddc90f70: 0001 0000 | 00e9 2900 | 0000 4883 | bb30 0100 | 0000 7517 | 4889 b330 | 0100 0048 | c783 3801 
  0x000001e4ddc90f90: 0000 0100 | 0000 e908 | 0000 0048 | 8383 1001 

  0x000001e4ddc90fa0: ;   {metadata(method data for {method} {0x000001e4f4624b48} 'getClassLoadingLock' '(Ljava/lang/String;)Ljava/lang/Object;' in 'org/eclipse/osgi/internal/loader/ModuleClassLoader')}
  0x000001e4ddc90fa0: 0000 0148 | be00 4d91 | f4e4 0100 | 008b 9ecc | 0000 0083 | c302 899e | cc00 0000 | 81e3 feff 
  0x000001e4ddc90fc0: 1f00 85db | 0f84 b003 | 0000 8b72 | 5048 3b06 

  0x000001e4ddc90fd0: ;   {metadata(method data for {method} {0x000001e4f4624b48} 'getClassLoadingLock' '(Ljava/lang/String;)Ljava/lang/Object;' in 'org/eclipse/osgi/internal/loader/ModuleClassLoader')}
  0x000001e4ddc90fd0: 488b de48 | b800 4d91 | f4e4 0100 | 0048 8380 | 1001 0000 | 0149 8bd8 | 4c8b c348 | 8954 2458 
  0x000001e4ddc90ff0: 488b d648 | 895c 2460 | 0f1f 8000 

  0x000001e4ddc90ffc: ;   {optimized virtual_call}
  0x000001e4ddc90ffc: 0000 00e8 

  0x000001e4ddc91000: ; ImmutableOopMap {[88]=Oop [96]=Oop [104]=Oop [112]=Oop }
                      ;*invokevirtual getLock {reexecute=0 rethrow=0 return_oop=0}
                      ; - org.eclipse.osgi.internal.loader.ModuleClassLoader::getClassLoadingLock@5 (line 437)
                      ; - org.eclipse.osgi.internal.loader.ModuleClassLoader::defineClass@8 (line 312)
  0x000001e4ddc91000: 7cca f0ff 

  0x000001e4ddc91004: ;   {other}
  0x000001e4ddc91004: 0f1f 8400 | 7403 0000 | 4889 4424 | 7848 8d94 | 2480 0000 | 0048 8bf0 | 4889 7208 

  0x000001e4ddc91020: ; implicit exception: dispatches to 0x000001e4ddc913a0
  0x000001e4ddc91020: 488b 0648 | 83c8 0148 | 8902 f048 | 0fb1 160f | 8412 0000 | 0048 2bc4 | 4825 07f0 | ffff 4889 
  0x000001e4ddc91040: 020f 855e | 0300 0049 | ff87 5005 | 0000 488b 

  0x000001e4ddc91050: ;   {metadata(method data for {method} {0x000001e4f45dfe98} 'defineClass' '(Ljava/lang/String;[BLorg/eclipse/osgi/internal/loader/classpath/ClasspathEntry;)Lorg/eclipse/osgi/internal/loader/ModuleClassLoader$DefineClassResult;' in 'org/eclipse/osgi/internal/loader/ModuleClassLoader')}
  0x000001e4ddc91050: 5424 5848 | be70 d9ab | f4e4 0100 | 0048 8386 | 4801 0000 

  0x000001e4ddc91064: ;   {metadata(method data for {method} {0x000001e4804353e0} 'findLoadedClass' '(Ljava/lang/String;)Ljava/lang/Class;' in 'java/lang/ClassLoader')}
  0x000001e4ddc91064: 0148 ba78 | f223 f4e4 | 0100 008b | b2cc 0000 | 0083 c602 | 89b2 cc00 | 0000 81e6 | feff 1f00 
  0x000001e4ddc91084: 85f6 0f84 | 2c03 0000 

  0x000001e4ddc9108c: ;   {metadata(method data for {method} {0x000001e4804353e0} 'findLoadedClass' '(Ljava/lang/String;)Ljava/lang/Class;' in 'java/lang/ClassLoader')}
  0x000001e4ddc9108c: 48ba 78f2 | 23f4 e401 | 0000 4883 | 8210 0100 | 0001 488b | 5424 600f 

  0x000001e4ddc910a4: ;   {static_call}
  0x000001e4ddc910a4: 1f40 00e8 

  0x000001e4ddc910a8: ; ImmutableOopMap {[88]=Oop [96]=Oop [104]=Oop [112]=Oop [120]=Oop [136]=Oop }
                      ;*invokestatic checkName {reexecute=0 rethrow=0 return_oop=0}
                      ; - java.lang.ClassLoader::findLoadedClass@1
                      ; - org.eclipse.osgi.internal.loader.ModuleClassLoader::defineClass@17 (line 313)
  0x000001e4ddc910a8: 144e 7607 

  0x000001e4ddc910ac: ;   {other}
  0x000001e4ddc910ac: 0f1f 8400 | 1c04 0001 

  0x000001e4ddc910b4: ;   {metadata(method data for {method} {0x000001e4804353e0} 'findLoadedClass' '(Ljava/lang/String;)Ljava/lang/Class;' in 'java/lang/ClassLoader')}
  0x000001e4ddc910b4: 85c0 49b8 | 78f2 23f4 | e401 0000 | 48c7 c220 | 0100 0075 | 0748 c7c2 | 3001 0000 | 498b 3410 
  0x000001e4ddc910d4: 488d 7601 | 4989 3410 | 0f85 0f00 

  0x000001e4ddc910e0: ;   {oop(nullptr)}
  0x000001e4ddc910e0: 0000 48be | 0000 0000 | 0000 0000 | e936 0000 | 0048 8b54 

  0x000001e4ddc910f4: ;   {metadata(method data for {method} {0x000001e4804353e0} 'findLoadedClass' '(Ljava/lang/String;)Ljava/lang/Class;' in 'java/lang/ClassLoader')}
  0x000001e4ddc910f4: 2458 49b8 | 78f2 23f4 | e401 0000 | 4983 8040 | 0100 0001 | 4c8b 4424 | 6048 8b54 | 2458 0f1f 
  0x000001e4ddc91114: ;   {optimized virtual_call}
  0x000001e4ddc91114: 4400 00e8 

  0x000001e4ddc91118: ; ImmutableOopMap {[88]=Oop [96]=Oop [104]=Oop [112]=Oop [120]=Oop [136]=Oop }
                      ;*invokevirtual findLoadedClass0 {reexecute=0 rethrow=0 return_oop=0}
                      ; - java.lang.ClassLoader::findLoadedClass@11
                      ; - org.eclipse.osgi.internal.loader.ModuleClassLoader::defineClass@17 (line 313)
  0x000001e4ddc91118: a430 6a07 

  0x000001e4ddc9111c: ;   {other}
  0x000001e4ddc9111c: 0f1f 8400 | 8c04 0002 | 488b f048 

  0x000001e4ddc91128: ;   {metadata(method data for {method} {0x000001e4f45dfe98} 'defineClass' '(Ljava/lang/String;[BLorg/eclipse/osgi/internal/loader/classpath/ClasspathEntry;)Lorg/eclipse/osgi/internal/loader/ModuleClassLoader$DefineClassResult;' in 'org/eclipse/osgi/internal/loader/ModuleClassLoader')}
  0x000001e4ddc91128: 85f6 49b8 | 70d9 abf4 | e401 0000 | 49c7 c190 | 0100 0074 | 0749 c7c1 | 8001 0000 | 4b8b 3c08 
  0x000001e4ddc91148: 488d 7f01 | 4b89 3c08 | 0f84 0e00 | 0000 488b | de41 b800 | 0000 00e9 | 6900 0000 | 488b 7c24 
  0x000001e4ddc91168: 704c 8b4c | 2468 4c8b | 4424 6048 | 8b54 2458 

  0x000001e4ddc91178: ; implicit exception: dispatches to 0x000001e4ddc913d9
  0x000001e4ddc91178: 418b 710c 

  0x000001e4ddc9117c: ; implicit exception: dispatches to 0x000001e4ddc913de
  0x000001e4ddc9117c: 483b 0748 

  0x000001e4ddc91180: ;   {metadata(method data for {method} {0x000001e4f45dfe98} 'defineClass' '(Ljava/lang/String;[BLorg/eclipse/osgi/internal/loader/classpath/ClasspathEntry;)Lorg/eclipse/osgi/internal/loader/ModuleClassLoader$DefineClassResult;' in 'org/eclipse/osgi/internal/loader/ModuleClassLoader')}
  0x000001e4ddc91180: 8bcf 48bb | 70d9 abf4 | e401 0000 | 4883 83b8 | 0100 0001 | 8b4f 1048 

  0x000001e4ddc91198: ;   {metadata(method data for {method} {0x000001e4f45dfe98} 'defineClass' '(Ljava/lang/String;[BLorg/eclipse/osgi/internal/loader/classpath/ClasspathEntry;)Lorg/eclipse/osgi/internal/loader/ModuleClassLoader$DefineClassResult;' in 'org/eclipse/osgi/internal/loader/ModuleClassLoader')}
  0x000001e4ddc91198: 8bfa 48bb | 70d9 abf4 | e401 0000 | 4883 83d8 | 0100 0001 | bf00 0000 | 0066 0f1f 

  0x000001e4ddc911b4: ;   {optimized virtual_call}
  0x000001e4ddc911b4: 4400 00e8 

  0x000001e4ddc911b8: ; ImmutableOopMap {[120]=Oop [136]=Oop }
                      ;*invokevirtual defineClass {reexecute=0 rethrow=0 return_oop=0}
                      ; - org.eclipse.osgi.internal.loader.ModuleClassLoader::defineClass@37 (line 315)
  0x000001e4ddc911b8: 049b edff 

  0x000001e4ddc911bc: ;   {other}
  0x000001e4ddc911bc: 0f1f 8400 | 2c05 0003 | 488b d841 | b801 0000 | 0048 8d84 | 2480 0000 | 0048 8b10 | 4885 d20f 
  0x000001e4ddc911dc: 840f 0000 | 0048 8b70 | 08f0 480f | b116 0f85 | f301 0000 | 49ff 8f50 

  0x000001e4ddc911f4: ;   {metadata(method data for {method} {0x000001e4f45dfe98} 'defineClass' '(Ljava/lang/String;[BLorg/eclipse/osgi/internal/loader/classpath/ClasspathEntry;)Lorg/eclipse/osgi/internal/loader/ModuleClassLoader$DefineClassResult;' in 'org/eclipse/osgi/internal/loader/ModuleClassLoader')}
  0x000001e4ddc911f4: 0500 0048 | ba70 d9ab | f4e4 0100 | 00ff 8210 

  0x000001e4ddc91204: ;   {metadata('org/eclipse/osgi/internal/loader/ModuleClassLoader$DefineClassResult')}
  0x000001e4ddc91204: 0200 0048 | ba08 9e11 | 81e4 0100 | 0049 8b87 | b801 0000 | 488d 7818 | 493b bfc8 | 0100 000f 
  0x000001e4ddc91224: 87d0 0100 | 0049 89bf | b801 0000 | 48c7 0001 | 0000 0048 | 8bca 49ba | 0000 0080 | e401 0000 
  0x000001e4ddc91244: 492b ca89 | 4808 4833 | c989 480c | 4833 c948 | 8948 1048 

  0x000001e4ddc91258: ;   {metadata(method data for {method} {0x000001e4f45dfe98} 'defineClass' '(Ljava/lang/String;[BLorg/eclipse/osgi/internal/loader/classpath/ClasspathEntry;)Lorg/eclipse/osgi/internal/loader/ModuleClassLoader$DefineClassResult;' in 'org/eclipse/osgi/internal/loader/ModuleClassLoader')}
  0x000001e4ddc91258: 8bf0 48bf | 70d9 abf4 | e401 0000 | 4883 8728 | 0200 0001 

  0x000001e4ddc9126c: ;   {metadata(method data for {method} {0x000001e4f473dd48} '<init>' '(Ljava/lang/Class;Z)V' in 'org/eclipse/osgi/internal/loader/ModuleClassLoader$DefineClassResult')}
  0x000001e4ddc9126c: 48be 50af | b6f4 e401 | 0000 8bbe | cc00 0000 | 83c7 0289 | becc 0000 | 0081 e7fe | ff1f 0085 
  0x000001e4ddc9128c: ff0f 8473 | 0100 0048 

  0x000001e4ddc91294: ;   {metadata(method data for {method} {0x000001e4f473dd48} '<init>' '(Ljava/lang/Class;Z)V' in 'org/eclipse/osgi/internal/loader/ModuleClassLoader$DefineClassResult')}
  0x000001e4ddc91294: 8bf0 48bf | 50af b6f4 | e401 0000 | 4883 8710 | 0100 0001 

  0x000001e4ddc912a8: ;   {metadata(method data for {method} {0x000001e480474dc0} '<init>' '()V' in 'java/lang/Object')}
  0x000001e4ddc912a8: 48be 9067 | 00f4 e401 | 0000 8bbe | cc00 0000 | 83c7 0289 | becc 0000 | 0081 e7fe | ff1f 0085 
  0x000001e4ddc912c8: ff0f 8458 | 0100 004c | 8bd3 4489 | 5010 488d | 3048 c1ee | 0948 bf00 | 00be d9e4 | 0100 00c6 
  0x000001e4ddc912e8: 043e 0041 | 83e0 0144 | 8840 0c48 | 81c4 a000 

  0x000001e4ddc912f8: ;   {poll_return}
  0x000001e4ddc912f8: 0000 5d49 | 3ba7 5004 | 0000 0f87 | 4001 0000 | c349 8b87 | 0005 0000 | 4d33 d24d | 8997 0005 
  0x000001e4ddc91318: 0000 4d33 | d24d 8997 | 0805 0000 | 488b f048 | 8d84 2480 | 0000 0048 | 8b38 4885 | ff0f 840f 
  0x000001e4ddc91338: 0000 0048 | 8b58 08f0 | 480f b13b | 0f85 1401 | 0000 49ff | 8f50 0500 | 0048 8bc6 | e938 0100 
  0x000001e4ddc91358: ;   {metadata({method} {0x000001e4f45dfe98} 'defineClass' '(Ljava/lang/String;[BLorg/eclipse/osgi/internal/loader/classpath/ClasspathEntry;)Lorg/eclipse/osgi/internal/loader/ModuleClassLoader$DefineClassResult;' in 'org/eclipse/osgi/internal/loader/ModuleClassLoader')}
  0x000001e4ddc91358: 0049 ba90 | fe5d f4e4 | 0100 004c | 8954 2408 | 48c7 0424 | ffff ffff 

  0x000001e4ddc91370: ;   {runtime_call counter_overflow Runtime1 stub}
  0x000001e4ddc91370: e88b 2d1e 

  0x000001e4ddc91374: ; ImmutableOopMap {rdx=Oop r8=Oop r9=Oop rdi=Oop }
                      ;*synchronization entry
                      ; - org.eclipse.osgi.internal.loader.ModuleClassLoader::defineClass@-1 (line 310)
  0x000001e4ddc91374: 07e9 8cfb 

  0x000001e4ddc91378: ;   {metadata({method} {0x000001e4f4624b48} 'getClassLoadingLock' '(Ljava/lang/String;)Ljava/lang/Object;' in 'org/eclipse/osgi/internal/loader/ModuleClassLoader')}
  0x000001e4ddc91378: ffff 49ba | 404b 62f4 | e401 0000 | 4c89 5424 | 0848 c704 | 24ff ffff 

  0x000001e4ddc91390: ;   {runtime_call counter_overflow Runtime1 stub}
  0x000001e4ddc91390: ffe8 6a2d 

  0x000001e4ddc91394: ; ImmutableOopMap {rdx=Oop r8=Oop [104]=Oop [112]=Oop }
                      ;*synchronization entry
                      ; - org.eclipse.osgi.internal.loader.ModuleClassLoader::getClassLoadingLock@-1 (line 437)
                      ; - org.eclipse.osgi.internal.loader.ModuleClassLoader::defineClass@8 (line 312)
  0x000001e4ddc91394: 1e07 e92f 

  0x000001e4ddc91398: ;   {runtime_call throw_null_pointer_exception Runtime1 stub}
  0x000001e4ddc91398: fcff ffe8 

  0x000001e4ddc9139c: ; ImmutableOopMap {rdx=Oop r8=Oop rsi=Oop [104]=Oop [112]=Oop }
                      ;*invokevirtual getLock {reexecute=0 rethrow=0 return_oop=0}
                      ; - org.eclipse.osgi.internal.loader.ModuleClassLoader::getClassLoadingLock@5 (line 437)
                      ; - org.eclipse.osgi.internal.loader.ModuleClassLoader::defineClass@8 (line 312)
  0x000001e4ddc9139c: e0c1 1d07 

  0x000001e4ddc913a0: ;   {runtime_call throw_null_pointer_exception Runtime1 stub}
  0x000001e4ddc913a0: e8db c11d 

  0x000001e4ddc913a4: ; ImmutableOopMap {rsi=Oop [88]=Oop [96]=Oop [104]=Oop [112]=Oop [120]=Oop }
                      ;*monitorenter {reexecute=0 rethrow=0 return_oop=0}
                      ; - org.eclipse.osgi.internal.loader.ModuleClassLoader::defineClass@14 (line 312)
  0x000001e4ddc913a4: 0748 8974 | 2408 4889 

  0x000001e4ddc913ac: ;   {runtime_call monitorenter_nofpu Runtime1 stub}
  0x000001e4ddc913ac: 1424 e8cd 

  0x000001e4ddc913b0: ; ImmutableOopMap {rsi=Oop [88]=Oop [96]=Oop [104]=Oop [112]=Oop [120]=Oop [136]=Oop }
                      ;*monitorenter {reexecute=0 rethrow=0 return_oop=0}
                      ; - org.eclipse.osgi.internal.loader.ModuleClassLoader::defineClass@14 (line 312)
  0x000001e4ddc913b0: f11d 07e9 | 96fc ffff 

  0x000001e4ddc913b8: ;   {metadata({method} {0x000001e4804353e0} 'findLoadedClass' '(Ljava/lang/String;)Ljava/lang/Class;' in 'java/lang/ClassLoader')}
  0x000001e4ddc913b8: 49ba d853 | 4380 e401 | 0000 4c89 | 5424 0848 | c704 24ff 

  0x000001e4ddc913cc: ;   {runtime_call counter_overflow Runtime1 stub}
  0x000001e4ddc913cc: ffff ffe8 

  0x000001e4ddc913d0: ; ImmutableOopMap {[88]=Oop [96]=Oop [104]=Oop [112]=Oop [120]=Oop [136]=Oop }
                      ;*synchronization entry
                      ; - java.lang.ClassLoader::findLoadedClass@-1
                      ; - org.eclipse.osgi.internal.loader.ModuleClassLoader::defineClass@17 (line 313)
  0x000001e4ddc913d0: 2c2d 1e07 | e9b3 fcff 

  0x000001e4ddc913d8: ;   {runtime_call throw_null_pointer_exception Runtime1 stub}
  0x000001e4ddc913d8: ffe8 a2c1 

  0x000001e4ddc913dc: ; ImmutableOopMap {rdx=Oop r8=Oop r9=Oop rdi=Oop [120]=Oop [136]=Oop }
                      ;*arraylength {reexecute=0 rethrow=0 return_oop=0}
                      ; - org.eclipse.osgi.internal.loader.ModuleClassLoader::defineClass@32 (line 315)
                      ;   {runtime_call throw_null_pointer_exception Runtime1 stub}
  0x000001e4ddc913dc: 1d07 e89d 

  0x000001e4ddc913e0: ; ImmutableOopMap {rdx=Oop r8=Oop r9=Oop rdi=Oop [120]=Oop [136]=Oop }
                      ;*invokevirtual getDomain {reexecute=0 rethrow=0 return_oop=0}
                      ; - org.eclipse.osgi.internal.loader.ModuleClassLoader::defineClass@34 (line 315)
  0x000001e4ddc913e0: c11d 0748 | 8d84 2480 | 0000 0048 

  0x000001e4ddc913ec: ;   {runtime_call monitorexit_nofpu Runtime1 stub}
  0x000001e4ddc913ec: 8904 24e8 | 8cf7 1d07 | e9fe fdff | ff48 8bd2 

  0x000001e4ddc913fc: ;   {runtime_call fast_new_instance Runtime1 stub}
  0x000001e4ddc913fc: e87f ca1d 

  0x000001e4ddc91400: ; ImmutableOopMap {rbx=Oop }
                      ;*new {reexecute=0 rethrow=0 return_oop=0}
                      ; - org.eclipse.osgi.internal.loader.ModuleClassLoader::defineClass@55 (line 319)
  0x000001e4ddc91400: 07e9 51fe 

  0x000001e4ddc91404: ;   {metadata({method} {0x000001e4f473dd48} '<init>' '(Ljava/lang/Class;Z)V' in 'org/eclipse/osgi/internal/loader/ModuleClassLoader$DefineClassResult')}
  0x000001e4ddc91404: ffff 49ba | 40dd 73f4 | e401 0000 | 4c89 5424 | 0848 c704 | 24ff ffff 

  0x000001e4ddc9141c: ;   {runtime_call counter_overflow Runtime1 stub}
  0x000001e4ddc9141c: ffe8 de2c 

  0x000001e4ddc91420: ; ImmutableOopMap {rbx=Oop rax=Oop }
                      ;*synchronization entry
                      ; - org.eclipse.osgi.internal.loader.ModuleClassLoader$DefineClassResult::<init>@-1 (line 96)
                      ; - org.eclipse.osgi.internal.loader.ModuleClassLoader::defineClass@63 (line 319)
  0x000001e4ddc91420: 1e07 e96c 

  0x000001e4ddc91424: ;   {metadata({method} {0x000001e480474dc0} '<init>' '()V' in 'java/lang/Object')}
  0x000001e4ddc91424: feff ff49 | bab8 4d47 | 80e4 0100 | 004c 8954 | 2408 48c7 | 0424 ffff 

  0x000001e4ddc9143c: ;   {runtime_call counter_overflow Runtime1 stub}
  0x000001e4ddc9143c: ffff e8bd 

  0x000001e4ddc91440: ; ImmutableOopMap {rbx=Oop rax=Oop }
                      ;*synchronization entry
                      ; - java.lang.Object::<init>@-1
                      ; - org.eclipse.osgi.internal.loader.ModuleClassLoader$DefineClassResult::<init>@1 (line 96)
                      ; - org.eclipse.osgi.internal.loader.ModuleClassLoader::defineClass@63 (line 319)
  0x000001e4ddc91440: 2c1e 07e9 | 87fe ffff 

  0x000001e4ddc91448: ;   {internal_word}
  0x000001e4ddc91448: 49ba fb12 | c9dd e401 | 0000 4d89 | 9768 0400 

  0x000001e4ddc91458: ;   {runtime_call SafepointBlob}
  0x000001e4ddc91458: 00e9 a236 | 1307 488d | 8424 8000 | 0000 4889 

  0x000001e4ddc91468: ;   {runtime_call monitorexit_nofpu Runtime1 stub}
  0x000001e4ddc91468: 0424 e811 | f71d 07e9 | ddfe ffff | 498b 8700 | 0500 0049 | c787 0005 | 0000 0000 | 0000 49c7 
  0x000001e4ddc91488: 8708 0500 | 0000 0000 | 0048 81c4 | a000 0000 

  0x000001e4ddc91498: ;   {runtime_call unwind_exception Runtime1 stub}
  0x000001e4ddc91498: 5de9 62e1 | 1407 f4f4 
[Stub Code]
  0x000001e4ddc914a0: ;   {no_reloc}
  0x000001e4ddc914a0: 48bb 0000 | 0000 0000 

  0x000001e4ddc914a8: ;   {runtime_call nmethod}
  0x000001e4ddc914a8: 0000 e9fb 

  0x000001e4ddc914ac: ;   {static_stub}
  0x000001e4ddc914ac: ffff ff48 | bb00 0000 | 0000 0000 

  0x000001e4ddc914b8: ;   {runtime_call nmethod}
  0x000001e4ddc914b8: 00e9 fbff 

  0x000001e4ddc914bc: ;   {static_stub}
  0x000001e4ddc914bc: ffff 48bb | 0000 0000 | 0000 0000 

  0x000001e4ddc914c8: ;   {runtime_call nmethod}
  0x000001e4ddc914c8: e9fb ffff 

  0x000001e4ddc914cc: ;   {static_stub}
  0x000001e4ddc914cc: ff48 bb00 | 0000 0000 

  0x000001e4ddc914d4: ;   {runtime_call nmethod}
  0x000001e4ddc914d4: 0000 00e9 | fbff ffff 
[Exception Handler]
  0x000001e4ddc914dc: ;   {runtime_call handle_exception_from_callee Runtime1 stub}
  0x000001e4ddc914dc: e89f de1d 

  0x000001e4ddc914e0: ;   {external_word}
  0x000001e4ddc914e0: 0748 b940 | 532c 0afa | 7f00 0048 

  0x000001e4ddc914ec: ;   {runtime_call}
  0x000001e4ddc914ec: 83e4 f048 | b8b0 c3ee | 09fa 7f00 | 00ff d0f4 
[Deopt Handler Code]
  0x000001e4ddc914fc: ;   {section_word}
  0x000001e4ddc914fc: 49ba fc14 | c9dd e401 | 0000 4152 

  0x000001e4ddc91508: ;   {runtime_call DeoptimizationBlob}
  0x000001e4ddc91508: e993 2813 | 07f4 f4f4 
[/MachCode]


---------------  P R O C E S S  ---------------

Threads class SMR info:
_java_thread_list=0x000001e4f379e3d0, length=18, elements={
0x000001e4da640380, 0x000001e4da5eccc0, 0x000001e4da6e1f80, 0x000001e4da6e5b80,
0x000001e4da6ea880, 0x000001e4da6ec2f0, 0x000001e4da6ecd50, 0x000001e4da6f1500,
0x000001e4f2383490, 0x000001e4f256d8a0, 0x000001e4f2630620, 0x000001e4f80a9b70,
0x000001e4f80aaf20, 0x000001e4f80aa200, 0x000001e4f80aa890, 0x000001e4f80a94e0,
0x000001e4f80ac960, 0x000001e4f80abc40
}

Java Threads: ( => current thread )
  0x000001e4da640380 JavaThread "main"                              [_thread_blocked, id=19120, stack(0x000000c45b400000,0x000000c45b500000) (1024K)]
  0x000001e4da5eccc0 JavaThread "Reference Handler"          daemon [_thread_blocked, id=19668, stack(0x000000c45b800000,0x000000c45b900000) (1024K)]
  0x000001e4da6e1f80 JavaThread "Finalizer"                  daemon [_thread_blocked, id=5460, stack(0x000000c45b900000,0x000000c45ba00000) (1024K)]
  0x000001e4da6e5b80 JavaThread "Signal Dispatcher"          daemon [_thread_blocked, id=3316, stack(0x000000c45ba00000,0x000000c45bb00000) (1024K)]
  0x000001e4da6ea880 JavaThread "Attach Listener"            daemon [_thread_blocked, id=21284, stack(0x000000c45bb00000,0x000000c45bc00000) (1024K)]
  0x000001e4da6ec2f0 JavaThread "Service Thread"             daemon [_thread_blocked, id=11424, stack(0x000000c45bc00000,0x000000c45bd00000) (1024K)]
  0x000001e4da6ecd50 JavaThread "Monitor Deflation Thread"   daemon [_thread_blocked, id=1472, stack(0x000000c45bd00000,0x000000c45be00000) (1024K)]
  0x000001e4da6f1500 JavaThread "C2 CompilerThread0"         daemon [_thread_blocked, id=14016, stack(0x000000c45be00000,0x000000c45bf00000) (1024K)]
  0x000001e4f2383490 JavaThread "C1 CompilerThread0"         daemon [_thread_blocked, id=2348, stack(0x000000c45bf00000,0x000000c45c000000) (1024K)]
  0x000001e4f256d8a0 JavaThread "Common-Cleaner"             daemon [_thread_blocked, id=17580, stack(0x000000c45c100000,0x000000c45c200000) (1024K)]
  0x000001e4f2630620 JavaThread "Notification Thread"        daemon [_thread_blocked, id=14096, stack(0x000000c45c200000,0x000000c45c300000) (1024K)]
  0x000001e4f80a9b70 JavaThread "Active Thread: Equinox Container: 7ed1ddbe-aa10-45ac-bc12-ca9257ac264a"        [_thread_blocked, id=1560, stack(0x000000c45ca00000,0x000000c45cb00000) (1024K)]
  0x000001e4f80aaf20 JavaThread "Framework Event Dispatcher: Equinox Container: 7ed1ddbe-aa10-45ac-bc12-ca9257ac264a" daemon [_thread_blocked, id=2736, stack(0x000000c45c000000,0x000000c45c100000) (1024K)]
=>0x000001e4f80aa200 JavaThread "Start Level: Equinox Container: 7ed1ddbe-aa10-45ac-bc12-ca9257ac264a" daemon [_thread_in_vm, id=17900, stack(0x000000c45c900000,0x000000c45ca00000) (1024K)]
  0x000001e4f80aa890 JavaThread "SCR Component Actor"        daemon [_thread_blocked, id=22116, stack(0x000000c45cc00000,0x000000c45cd00000) (1024K)]
  0x000001e4f80a94e0 JavaThread "Worker-JM"                         [_thread_blocked, id=22108, stack(0x000000c45cf00000,0x000000c45d000000) (1024K)]
  0x000001e4f80ac960 JavaThread "Worker-0: Checking project encoding"        [_thread_blocked, id=22084, stack(0x000000c45d100000,0x000000c45d200000) (1024K)]
  0x000001e4f80abc40 JavaThread "Worker-1"                          [_thread_blocked, id=22032, stack(0x000000c45cd00000,0x000000c45ce00000) (1024K)]
Total: 18

Other Threads:
  0x000001e4da6e0750 VMThread "VM Thread"                           [id=19108, stack(0x000000c45b700000,0x000000c45b800000) (1024K)] _threads_hazard_ptr=0x000001e4f379e3d0
  0x000001e4da4cca00 WatcherThread "VM Periodic Task Thread"        [id=21400, stack(0x000000c45b600000,0x000000c45b700000) (1024K)]
  0x000001e4da65eb00 WorkerThread "GC Thread#0"                     [id=16208, stack(0x000000c45b500000,0x000000c45b600000) (1024K)]
  0x000001e4f3544f00 WorkerThread "GC Thread#1"                     [id=7356, stack(0x000000c45c300000,0x000000c45c400000) (1024K)]
  0x000001e4f35452b0 WorkerThread "GC Thread#2"                     [id=19608, stack(0x000000c45c400000,0x000000c45c500000) (1024K)]
  0x000001e4f3868de0 WorkerThread "GC Thread#3"                     [id=9588, stack(0x000000c45c500000,0x000000c45c600000) (1024K)]
  0x000001e4f3869190 WorkerThread "GC Thread#4"                     [id=9864, stack(0x000000c45c600000,0x000000c45c700000) (1024K)]
  0x000001e4f35bc150 WorkerThread "GC Thread#5"                     [id=10588, stack(0x000000c45c700000,0x000000c45c800000) (1024K)]
  0x000001e4f35bc500 WorkerThread "GC Thread#6"                     [id=15592, stack(0x000000c45c800000,0x000000c45c900000) (1024K)]
  0x000001e4f80cfe30 WorkerThread "GC Thread#7"                     [id=8264, stack(0x000000c45cb00000,0x000000c45cc00000) (1024K)]
  0x000001e4f3a9d240 WorkerThread "GC Thread#8"                     [id=22092, stack(0x000000c45ce00000,0x000000c45cf00000) (1024K)]
  0x000001e4f377cee0 WorkerThread "GC Thread#9"                     [id=22088, stack(0x000000c45d000000,0x000000c45d100000) (1024K)]
Total: 12

Threads with active compile tasks:
Total: 0

VM state: synchronizing (normal execution)

VM Mutex/Monitor currently owned by a thread:  ([mutex/lock_event])
[0x00007ffa0a57c4e0] Metaspace_lock - owner thread: 0x000001e4f80aa200
[0x00007ffa0a57e560] Threads_lock - owner thread: 0x000001e4da6e0750

Heap address: 0x0000000080000000, size: 2048 MB, Compressed Oops mode: 32-bit

CDS archive(s) mapped at: [0x000001e480000000-0x000001e480ba0000-0x000001e480ba0000), size 12189696, SharedBaseAddress: 0x000001e480000000, ArchiveRelocationMode: 1.
Compressed class space mapped at: 0x000001e481000000-0x000001e4c1000000, reserved size: 1073741824
Narrow klass base: 0x000001e480000000, Narrow klass shift: 0, Narrow klass range: 0x100000000

GC Precious Log:
 CardTable entry size: 512
 CPUs: 12 total, 12 available
 Memory: 16085M
 Large Page Support: Disabled
 NUMA Support: Disabled
 Compressed Oops: Enabled (32-bit)
 Alignments: Space 512K, Generation 512K, Heap 2M
 Heap Min Capacity: 100M
 Heap Initial Capacity: 100M
 Heap Max Capacity: 2G
 Pre-touch: Disabled
 Parallel Workers: 10

Heap:
 PSYoungGen      total 29696K, used 14555K [0x00000000d5580000, 0x00000000d7680000, 0x0000000100000000)
  eden space 25600K, 40% used [0x00000000d5580000,0x00000000d5fb7f38,0x00000000d6e80000)
  from space 4096K, 99% used [0x00000000d6e80000,0x00000000d727f078,0x00000000d7280000)
  to   space 4096K, 0% used [0x00000000d7280000,0x00000000d7280000,0x00000000d7680000)
 ParOldGen       total 68608K, used 2860K [0x0000000080000000, 0x0000000084300000, 0x00000000d5580000)
  object space 68608K, 4% used [0x0000000080000000,0x00000000802cb050,0x0000000084300000)
 Metaspace       used 14505K, committed 15040K, reserved 1114112K
  class space    used 1537K, committed 1792K, reserved 1048576K

Card table byte_map: [0x000001e4d9fe0000,0x000001e4da3f0000] _byte_map_base: 0x000001e4d9be0000

Marking Bits: (ParMarkBitMap*) 0x00007ffa0a583450
 Begin Bits: [0x000001e4ecaf0000, 0x000001e4eeaf0000)
 End Bits:   [0x000001e4eeaf0000, 0x000001e4f0af0000)

Polling page: 0x000001e4d85d0000

Metaspace:

Usage:
  Non-class:     12.66 MB used.
      Class:      1.50 MB used.
       Both:     14.17 MB used.

Virtual space:
  Non-class space:       64.00 MB reserved,      12.94 MB ( 20%) committed,  1 nodes.
      Class space:        1.00 GB reserved,       1.75 MB ( <1%) committed,  1 nodes.
             Both:        1.06 GB reserved,      14.69 MB (  1%) committed. 

Chunk freelists:
   Non-Class:  2.17 MB
       Class:  14.29 MB
        Both:  16.46 MB

MaxMetaspaceSize: unlimited
CompressedClassSpaceSize: 1.00 GB
Initial GC threshold: 21.00 MB
Current GC threshold: 21.00 MB
CDS: on
 - commit_granule_bytes: 65536.
 - commit_granule_words: 8192.
 - virtual_space_node_default_size: 8388608.
 - enlarge_chunks_in_place: 1.
 - use_allocation_guard: 0.


Internal statistics:

num_allocs_failed_limit: 0.
num_arena_births: 450.
num_arena_deaths: 0.
num_vsnodes_births: 2.
num_vsnodes_deaths: 0.
num_space_committed: 235.
num_space_uncommitted: 0.
num_chunks_returned_to_freelist: 0.
num_chunks_taken_from_freelist: 968.
num_chunk_merges: 0.
num_chunk_splits: 612.
num_chunks_enlarged: 380.
num_inconsistent_stats: 0.

CodeHeap 'non-profiled nmethods': size=120000Kb used=1042Kb max_used=1042Kb free=118957Kb
 bounds [0x000001e4e5310000, 0x000001e4e5580000, 0x000001e4ec840000]
CodeHeap 'profiled nmethods': size=120000Kb used=4642Kb max_used=4642Kb free=115357Kb
 bounds [0x000001e4dd840000, 0x000001e4ddcd0000, 0x000001e4e4d70000]
CodeHeap 'non-nmethods': size=5760Kb used=1255Kb max_used=1272Kb free=4504Kb
 bounds [0x000001e4e4d70000, 0x000001e4e4fe0000, 0x000001e4e5310000]
CodeCache: size=245760Kb, used=6939Kb, max_used=6956Kb, free=238818Kb
 total_blobs=2966, nmethods=2434, adapters=438, full_count=0
Compilation: enabled, stopped_count=0, restarted_count=0

Compilation events (20 events):
Event: 21.454 Thread 0x000001e4f2383490 2424       3       java.lang.invoke.MethodHandles$Lookup::getDirectMethodCommon (300 bytes)
Event: 21.456 Thread 0x000001e4f2383490 nmethod 2424 0x000001e4ddcc0910 code [0x000001e4ddcc0c80, 0x000001e4ddcc1d90]
Event: 21.456 Thread 0x000001e4f2383490 2426       3       java.lang.invoke.MethodTypeForm::<init> (322 bytes)
Event: 21.458 Thread 0x000001e4f2383490 nmethod 2426 0x000001e4ddcc2390 code [0x000001e4ddcc2680, 0x000001e4ddcc3af8]
Event: 21.458 Thread 0x000001e4f2383490 2429       3       org.eclipse.osgi.internal.framework.FilterImpl$Parser::parse_filter (125 bytes)
Event: 21.459 Thread 0x000001e4f2383490 nmethod 2429 0x000001e4ddcc4110 code [0x000001e4ddcc4400, 0x000001e4ddcc50d8]
Event: 21.459 Thread 0x000001e4f2383490 2430       3       org.eclipse.osgi.internal.framework.FilterImpl::<init> (5 bytes)
Event: 21.459 Thread 0x000001e4f2383490 nmethod 2430 0x000001e4ddcc5690 code [0x000001e4ddcc5840, 0x000001e4ddcc59a8]
Event: 21.459 Thread 0x000001e4f2383490 2431       3       org.eclipse.osgi.internal.framework.FilterImpl$Item::matches0 (15 bytes)
Event: 21.459 Thread 0x000001e4f2383490 nmethod 2431 0x000001e4ddcc5a90 code [0x000001e4ddcc5c40, 0x000001e4ddcc5e68]
Event: 21.460 Thread 0x000001e4f2383490 2432       3       java.lang.invoke.DirectMethodHandle$Holder::newInvokeSpecial (24 bytes)
Event: 21.461 Thread 0x000001e4f2383490 nmethod 2432 0x000001e4ddcc5f90 code [0x000001e4ddcc6180, 0x000001e4ddcc6908]
Event: 21.461 Thread 0x000001e4f2383490 2433       3       org.apache.felix.scr.impl.logger.ScrLogManager$ScrLoggerFacade::isLogEnabled (109 bytes)
Event: 21.461 Thread 0x000001e4f2383490 nmethod 2433 0x000001e4ddcc6b10 code [0x000001e4ddcc6da0, 0x000001e4ddcc7980]
Event: 21.461 Thread 0x000001e4f2383490 2434       3       org.apache.felix.scr.impl.logger.LogManager$LoggerFacade::getLogger (34 bytes)
Event: 21.461 Thread 0x000001e4f2383490 nmethod 2434 0x000001e4ddcc7d10 code [0x000001e4ddcc7ec0, 0x000001e4ddcc8090]
Event: 21.461 Thread 0x000001e4f2383490 2435       3       java.lang.Class::reflectionData (43 bytes)
Event: 21.461 Thread 0x000001e4f2383490 nmethod 2435 0x000001e4ddcc8190 code [0x000001e4ddcc8360, 0x000001e4ddcc8758]
Event: 21.461 Thread 0x000001e4f2383490 2436       1       java.lang.reflect.Method::getReturnType (5 bytes)
Event: 21.462 Thread 0x000001e4f2383490 nmethod 2436 0x000001e4e5414590 code [0x000001e4e5414720, 0x000001e4e54147e8]

GC Heap History (6 events):
Event: 1.519 GC heap before
{Heap before GC invocations=1 (full 0):
 PSYoungGen      total 29696K, used 25600K [0x00000000d5580000, 0x00000000d7680000, 0x0000000100000000)
  eden space 25600K, 100% used [0x00000000d5580000,0x00000000d6e80000,0x00000000d6e80000)
  from space 4096K, 0% used [0x00000000d7280000,0x00000000d7280000,0x00000000d7680000)
  to   space 4096K, 0% used [0x00000000d6e80000,0x00000000d6e80000,0x00000000d7280000)
 ParOldGen       total 68608K, used 0K [0x0000000080000000, 0x0000000084300000, 0x00000000d5580000)
  object space 68608K, 0% used [0x0000000080000000,0x0000000080000000,0x0000000084300000)
 Metaspace       used 4373K, committed 4608K, reserved 1114112K
  class space    used 474K, committed 576K, reserved 1048576K
}
Event: 1.528 GC heap after
{Heap after GC invocations=1 (full 0):
 PSYoungGen      total 29696K, used 3303K [0x00000000d5580000, 0x00000000d7680000, 0x0000000100000000)
  eden space 25600K, 0% used [0x00000000d5580000,0x00000000d5580000,0x00000000d6e80000)
  from space 4096K, 80% used [0x00000000d6e80000,0x00000000d71b9e98,0x00000000d7280000)
  to   space 4096K, 0% used [0x00000000d7280000,0x00000000d7280000,0x00000000d7680000)
 ParOldGen       total 68608K, used 16K [0x0000000080000000, 0x0000000084300000, 0x00000000d5580000)
  object space 68608K, 0% used [0x0000000080000000,0x0000000080004000,0x0000000084300000)
 Metaspace       used 4373K, committed 4608K, reserved 1114112K
  class space    used 474K, committed 576K, reserved 1048576K
}
Event: 18.584 GC heap before
{Heap before GC invocations=2 (full 0):
 PSYoungGen      total 29696K, used 28903K [0x00000000d5580000, 0x00000000d7680000, 0x0000000100000000)
  eden space 25600K, 100% used [0x00000000d5580000,0x00000000d6e80000,0x00000000d6e80000)
  from space 4096K, 80% used [0x00000000d6e80000,0x00000000d71b9e98,0x00000000d7280000)
  to   space 4096K, 0% used [0x00000000d7280000,0x00000000d7280000,0x00000000d7680000)
 ParOldGen       total 68608K, used 16K [0x0000000080000000, 0x0000000084300000, 0x00000000d5580000)
  object space 68608K, 0% used [0x0000000080000000,0x0000000080004000,0x0000000084300000)
 Metaspace       used 8181K, committed 8512K, reserved 1114112K
  class space    used 869K, committed 1024K, reserved 1048576K
}
Event: 18.589 GC heap after
{Heap after GC invocations=2 (full 0):
 PSYoungGen      total 29696K, used 4093K [0x00000000d5580000, 0x00000000d7680000, 0x0000000100000000)
  eden space 25600K, 0% used [0x00000000d5580000,0x00000000d5580000,0x00000000d6e80000)
  from space 4096K, 99% used [0x00000000d7280000,0x00000000d767f680,0x00000000d7680000)
  to   space 4096K, 0% used [0x00000000d6e80000,0x00000000d6e80000,0x00000000d7280000)
 ParOldGen       total 68608K, used 1160K [0x0000000080000000, 0x0000000084300000, 0x00000000d5580000)
  object space 68608K, 1% used [0x0000000080000000,0x0000000080122188,0x0000000084300000)
 Metaspace       used 8181K, committed 8512K, reserved 1114112K
  class space    used 869K, committed 1024K, reserved 1048576K
}
Event: 20.222 GC heap before
{Heap before GC invocations=3 (full 0):
 PSYoungGen      total 29696K, used 29693K [0x00000000d5580000, 0x00000000d7680000, 0x0000000100000000)
  eden space 25600K, 100% used [0x00000000d5580000,0x00000000d6e80000,0x00000000d6e80000)
  from space 4096K, 99% used [0x00000000d7280000,0x00000000d767f680,0x00000000d7680000)
  to   space 4096K, 0% used [0x00000000d6e80000,0x00000000d6e80000,0x00000000d7280000)
 ParOldGen       total 68608K, used 1160K [0x0000000080000000, 0x0000000084300000, 0x00000000d5580000)
  object space 68608K, 1% used [0x0000000080000000,0x0000000080122188,0x0000000084300000)
 Metaspace       used 13039K, committed 13568K, reserved 1114112K
  class space    used 1380K, committed 1600K, reserved 1048576K
}
Event: 20.228 GC heap after
{Heap after GC invocations=3 (full 0):
 PSYoungGen      total 29696K, used 4092K [0x00000000d5580000, 0x00000000d7680000, 0x0000000100000000)
  eden space 25600K, 0% used [0x00000000d5580000,0x00000000d5580000,0x00000000d6e80000)
  from space 4096K, 99% used [0x00000000d6e80000,0x00000000d727f078,0x00000000d7280000)
  to   space 4096K, 0% used [0x00000000d7280000,0x00000000d7280000,0x00000000d7680000)
 ParOldGen       total 68608K, used 2860K [0x0000000080000000, 0x0000000084300000, 0x00000000d5580000)
  object space 68608K, 4% used [0x0000000080000000,0x00000000802cb050,0x0000000084300000)
 Metaspace       used 13039K, committed 13568K, reserved 1114112K
  class space    used 1380K, committed 1600K, reserved 1048576K
}

Dll operation events (9 events):
Event: 0.091 Loaded shared library c:\Users\rsind\.vscode\extensions\redhat.java-1.54.0-win32-x64\jre\21.0.10-win32-x86_64\bin\java.dll
Event: 0.226 Loaded shared library c:\Users\rsind\.vscode\extensions\redhat.java-1.54.0-win32-x64\jre\21.0.10-win32-x86_64\bin\zip.dll
Event: 0.258 Loaded shared library C:\Users\rsind\.vscode\extensions\redhat.java-1.54.0-win32-x64\jre\21.0.10-win32-x86_64\bin\instrument.dll
Event: 0.267 Loaded shared library C:\Users\rsind\.vscode\extensions\redhat.java-1.54.0-win32-x64\jre\21.0.10-win32-x86_64\bin\net.dll
Event: 0.271 Loaded shared library C:\Users\rsind\.vscode\extensions\redhat.java-1.54.0-win32-x64\jre\21.0.10-win32-x86_64\bin\nio.dll
Event: 0.276 Loaded shared library C:\Users\rsind\.vscode\extensions\redhat.java-1.54.0-win32-x64\jre\21.0.10-win32-x86_64\bin\zip.dll
Event: 0.304 Loaded shared library C:\Users\rsind\.vscode\extensions\redhat.java-1.54.0-win32-x64\jre\21.0.10-win32-x86_64\bin\jimage.dll
Event: 0.498 Loaded shared library c:\Users\rsind\.vscode\extensions\redhat.java-1.54.0-win32-x64\jre\21.0.10-win32-x86_64\bin\verify.dll
Event: 18.616 Loaded shared library C:\Users\rsind\AppData\Roaming\Code\User\globalStorage\redhat.java\1.54.0\config_ss_win\org.eclipse.equinox.launcher\org.eclipse.equinox.launcher.win32.win32.x86_64_1.3.0.v20260203-2149\eclipse_11919.dll

Deoptimization events (20 events):
Event: 19.050 Thread 0x000001e4f80aa200 Uncommon trap: trap_request=0xffffffc6 fr.pc=0x000001e4e53f0a24 relative=0x0000000000000464
Event: 19.050 Thread 0x000001e4f80aa200 Uncommon trap: reason=bimorphic_or_optimized_type_check action=maybe_recompile pc=0x000001e4e53f0a24 method=java.io.DataInputStream.readUnsignedByte()I @ 4 c2
Event: 19.050 Thread 0x000001e4f80aa200 DEOPT PACKING pc=0x000001e4e53f0a24 sp=0x000000c45c9f8710
Event: 19.050 Thread 0x000001e4f80aa200 DEOPT UNPACKING pc=0x000001e4e4dc3aa2 sp=0x000000c45c9f8658 mode 2
Event: 20.168 Thread 0x000001e4f80aa200 DEOPT PACKING pc=0x000001e4dd9615a6 sp=0x000000c45c9f8c10
Event: 20.168 Thread 0x000001e4f80aa200 DEOPT UNPACKING pc=0x000001e4e4dc4242 sp=0x000000c45c9f8108 mode 0
Event: 20.168 Thread 0x000001e4f80aa200 DEOPT PACKING pc=0x000001e4dd9615a6 sp=0x000000c45c9f8c10
Event: 20.168 Thread 0x000001e4f80aa200 DEOPT UNPACKING pc=0x000001e4e4dc4242 sp=0x000000c45c9f8108 mode 0
Event: 20.201 Thread 0x000001e4f80aa200 Uncommon trap: trap_request=0xffffff45 fr.pc=0x000001e4e5361570 relative=0x0000000000000e70
Event: 20.202 Thread 0x000001e4f80aa200 Uncommon trap: reason=unstable_if action=reinterpret pc=0x000001e4e5361570 method=lombok.patcher.PatchScript.classMatches(Ljava/lang/String;Ljava/util/Collection;)Z @ 25 c2
Event: 20.202 Thread 0x000001e4f80aa200 DEOPT PACKING pc=0x000001e4e5361570 sp=0x000000c45c9f6c40
Event: 20.202 Thread 0x000001e4f80aa200 DEOPT UNPACKING pc=0x000001e4e4dc3aa2 sp=0x000000c45c9f6c00 mode 2
Event: 20.284 Thread 0x000001e4f80aa200 Uncommon trap: trap_request=0xffffff45 fr.pc=0x000001e4e53fdba0 relative=0x0000000000001280
Event: 20.284 Thread 0x000001e4f80aa200 Uncommon trap: reason=unstable_if action=reinterpret pc=0x000001e4e53fdba0 method=java.util.Properties.loadConvert([CIILjava/lang/StringBuilder;)Ljava/lang/String; @ 491 c2
Event: 20.284 Thread 0x000001e4f80aa200 DEOPT PACKING pc=0x000001e4e53fdba0 sp=0x000000c45c9f7a10
Event: 20.284 Thread 0x000001e4f80aa200 DEOPT UNPACKING pc=0x000001e4e4dc3aa2 sp=0x000000c45c9f7a00 mode 2
Event: 20.308 Thread 0x000001e4f80aa200 Uncommon trap: trap_request=0xffffff45 fr.pc=0x000001e4e534b4f4 relative=0x0000000000000054
Event: 20.308 Thread 0x000001e4f80aa200 Uncommon trap: reason=unstable_if action=reinterpret pc=0x000001e4e534b4f4 method=java.lang.CharacterData.of(I)Ljava/lang/CharacterData; @ 4 c2
Event: 20.308 Thread 0x000001e4f80aa200 DEOPT PACKING pc=0x000001e4e534b4f4 sp=0x000000c45c9f8d80
Event: 20.308 Thread 0x000001e4f80aa200 DEOPT UNPACKING pc=0x000001e4e4dc3aa2 sp=0x000000c45c9f8d18 mode 2

Classes loaded (20 events):
Event: 20.334 Loading class java/util/stream/SortedOps$RefSortingSink
Event: 20.334 Loading class java/util/stream/SortedOps$AbstractRefSortingSink
Event: 20.334 Loading class java/util/stream/SortedOps$AbstractRefSortingSink done
Event: 20.334 Loading class java/util/stream/SortedOps$RefSortingSink done
Event: 20.353 Loading class java/util/zip/ZipOutputStream
Event: 20.354 Loading class java/util/zip/DeflaterOutputStream
Event: 20.354 Loading class java/util/zip/DeflaterOutputStream done
Event: 20.354 Loading class java/util/zip/ZipOutputStream done
Event: 20.354 Loading class java/util/concurrent/ExecutionException
Event: 20.354 Loading class java/util/concurrent/ExecutionException done
Event: 20.387 Loading class java/io/FilenameFilter
Event: 20.387 Loading class java/io/FilenameFilter done
Event: 20.402 Loading class java/util/function/LongUnaryOperator
Event: 20.402 Loading class java/util/function/LongUnaryOperator done
Event: 20.402 Loading class java/lang/ThreadDeath
Event: 20.402 Loading class java/lang/ThreadDeath done
Event: 21.440 Loading class java/util/stream/SortedOps$SizedRefSortingSink
Event: 21.440 Loading class java/util/stream/SortedOps$SizedRefSortingSink done
Event: 21.458 Loading class java/util/concurrent/locks/ReentrantReadWriteLock$Sync$HoldCounter
Event: 21.458 Loading class java/util/concurrent/locks/ReentrantReadWriteLock$Sync$HoldCounter done

Classes unloaded (0 events):
No events

Classes redefined (0 events):
No events

Internal exceptions (20 events):
Event: 20.218 Thread 0x000001e4f80aa200 Exception <a 'java/lang/NoSuchMethodError'{0x00000000d6e43480}: 'java.lang.Object java.lang.invoke.DirectMethodHandle$Holder.invokeVirtual(java.lang.Object, java.lang.Object, java.lang.Object)'> (0x00000000d6e43480) 
thrown [s\src\hotspot\share\interpreter\linkResolver.cpp, line 773]
Event: 20.220 Thread 0x000001e4f80aa200 Exception <a 'java/lang/NoSuchMethodError'{0x00000000d6e5bb60}: 'java.lang.Object java.lang.invoke.DelegatingMethodHandle$Holder.reinvoke_L(java.lang.Object, java.lang.Object, java.lang.Object, java.lang.Object, int, int)'> (0x00000000d6e5bb60) 
thrown [s\src\hotspot\share\interpreter\linkResolver.cpp, line 773]
Event: 20.222 Thread 0x000001e4f80aa200 Exception <a 'java/lang/NoSuchMethodError'{0x00000000d6e788b0}: 'java.lang.Object java.lang.invoke.DirectMethodHandle$Holder.newInvokeSpecial(java.lang.Object, java.lang.Object, java.lang.Object, java.lang.Object, java.lang.Object, java.lang.Object)'> (0x00000000d6e788b0) 
thrown [s\src\hotspot\share\interpreter\linkResolver.cpp, line 773]
Event: 20.231 Thread 0x000001e4f80aa200 Exception <a 'java/lang/NoSuchMethodError'{0x00000000d55a55c8}: 'void java.lang.invoke.Invokers$Holder.invokeExact_MT(java.lang.Object, java.lang.Object, java.lang.Object, java.lang.Object)'> (0x00000000d55a55c8) 
thrown [s\src\hotspot\share\interpreter\linkResolver.cpp, line 773]
Event: 20.275 Thread 0x000001e4f80aa200 Exception <a 'java/io/FileNotFoundException'{0x00000000d57431b8}> (0x00000000d57431b8) 
thrown [s\src\hotspot\share\prims\jni.cpp, line 520]
Event: 20.278 Thread 0x000001e4f80aa200 Exception <a 'java/io/FileNotFoundException'{0x00000000d574aa40}> (0x00000000d574aa40) 
thrown [s\src\hotspot\share\prims\jni.cpp, line 520]
Event: 20.386 Thread 0x000001e4f80aa200 Exception <a 'java/lang/NoSuchMethodError'{0x00000000d5d066e0}: 'java.lang.Object java.lang.invoke.DirectMethodHandle$Holder.newInvokeSpecial(java.lang.Object, java.lang.Object, java.lang.Object, java.lang.Object, java.lang.Object)'> (0x00000000d5d066e0) 
thrown [s\src\hotspot\share\interpreter\linkResolver.cpp, line 773]
Event: 20.400 Thread 0x000001e4f80aa200 Exception <a 'java/lang/NoSuchMethodError'{0x00000000d5de55f0}: 'java.lang.Object java.lang.invoke.DirectMethodHandle$Holder.invokeSpecial(java.lang.Object, java.lang.Object, java.lang.Object, long, java.lang.Object)'> (0x00000000d5de55f0) 
thrown [s\src\hotspot\share\interpreter\linkResolver.cpp, line 773]
Event: 20.401 Thread 0x000001e4f80aa200 Exception <a 'java/lang/NoSuchMethodError'{0x00000000d5dece38}: 'java.lang.Object java.lang.invoke.DirectMethodHandle$Holder.newInvokeSpecial(java.lang.Object, java.lang.Object, java.lang.Object, long)'> (0x00000000d5dece38) 
thrown [s\src\hotspot\share\interpreter\linkResolver.cpp, line 773]
Event: 20.401 Thread 0x000001e4f80aa200 Exception <a 'java/lang/NoSuchMethodError'{0x00000000d5df11e8}: 'java.lang.Object java.lang.invoke.DirectMethodHandle$Holder.invokeSpecial(java.lang.Object, java.lang.Object, java.lang.Object, java.lang.Object, long)'> (0x00000000d5df11e8) 
thrown [s\src\hotspot\share\interpreter\linkResolver.cpp, line 773]
Event: 20.401 Thread 0x000001e4f80aa200 Exception <a 'java/lang/NoSuchMethodError'{0x00000000d5df4e08}: 'java.lang.Object java.lang.invoke.Invokers$Holder.linkToTargetMethod(java.lang.Object, java.lang.Object, long, java.lang.Object)'> (0x00000000d5df4e08) 
thrown [s\src\hotspot\share\interpreter\linkResolver.cpp, line 773]
Event: 20.408 Thread 0x000001e4f80aa200 Exception <a 'java/lang/NoSuchMethodError'{0x00000000d5e66ca0}: 'int java.lang.invoke.DirectMethodHandle$Holder.invokeStaticInit(java.lang.Object, java.lang.Object, java.lang.Object)'> (0x00000000d5e66ca0) 
thrown [s\src\hotspot\share\interpreter\linkResolver.cpp, line 773]
Event: 21.451 Thread 0x000001e4f80aa200 Exception <a 'java/lang/IncompatibleClassChangeError'{0x00000000d5f04618}: Found class java.lang.Object, but interface was expected> (0x00000000d5f04618) 
thrown [s\src\hotspot\share\interpreter\linkResolver.cpp, line 840]
Event: 21.452 Thread 0x000001e4f80aa200 Exception <a 'java/lang/NoSuchMethodError'{0x00000000d5f081c8}: 'java.lang.Object java.lang.invoke.DirectMethodHandle$Holder.invokeSpecial(java.lang.Object, java.lang.Object, java.lang.Object, int, java.lang.Object, java.lang.Object)'> (0x00000000d5f081c8) 
thrown [s\src\hotspot\share\interpreter\linkResolver.cpp, line 773]
Event: 21.452 Thread 0x000001e4f80aa200 Exception <a 'java/lang/NoSuchMethodError'{0x00000000d5f0fca0}: 'java.lang.Object java.lang.invoke.DirectMethodHandle$Holder.newInvokeSpecial(java.lang.Object, java.lang.Object, java.lang.Object, int, java.lang.Object)'> (0x00000000d5f0fca0) 
thrown [s\src\hotspot\share\interpreter\linkResolver.cpp, line 773]
Event: 21.453 Thread 0x000001e4f80aa200 Exception <a 'java/lang/NoSuchMethodError'{0x00000000d5f13c20}: 'java.lang.Object java.lang.invoke.DirectMethodHandle$Holder.invokeSpecial(java.lang.Object, java.lang.Object, java.lang.Object, java.lang.Object, int, java.lang.Object)'> (0x00000000d5f13c20) 
thrown [s\src\hotspot\share\interpreter\linkResolver.cpp, line 773]
Event: 21.453 Thread 0x000001e4f80aa200 Exception <a 'java/lang/NoSuchMethodError'{0x00000000d5f17760}: 'java.lang.Object java.lang.invoke.Invokers$Holder.linkToTargetMethod(java.lang.Object, java.lang.Object, int, java.lang.Object, java.lang.Object)'> (0x00000000d5f17760) 
thrown [s\src\hotspot\share\interpreter\linkResolver.cpp, line 773]
Event: 21.454 Thread 0x000001e4f80ac960 Exception <a 'java/lang/NoSuchMethodError'{0x00000000d5e32e00}: 'java.lang.Object java.lang.invoke.DirectMethodHandle$Holder.invokeSpecial(java.lang.Object, java.lang.Object, int, java.lang.Object, java.lang.Object)'> (0x00000000d5e32e00) 
thrown [s\src\hotspot\share\interpreter\linkResolver.cpp, line 773]
Event: 21.457 Thread 0x000001e4f80ac960 Exception <a 'java/lang/NoSuchMethodError'{0x00000000d5e39b38}: 'java.lang.Object java.lang.invoke.DirectMethodHandle$Holder.newInvokeSpecial(java.lang.Object, java.lang.Object, int, java.lang.Object)'> (0x00000000d5e39b38) 
thrown [s\src\hotspot\share\interpreter\linkResolver.cpp, line 773]
Event: 21.457 Thread 0x000001e4f80ac960 Exception <a 'java/lang/NoSuchMethodError'{0x00000000d5e3d418}: 'java.lang.Object java.lang.invoke.DirectMethodHandle$Holder.invokeSpecial(java.lang.Object, java.lang.Object, java.lang.Object, int, java.lang.Object)'> (0x00000000d5e3d418) 
thrown [s\src\hotspot\share\interpreter\linkResolver.cpp, line 773]

ZGC Phase Switch (0 events):
No events

VM Operations (20 events):
Event: 3.227 Executing safepoint VM operation: Cleanup done
Event: 18.584 Executing safepoint VM operation: ParallelGCFailedAllocation (Allocation Failure)
Event: 18.589 Executing safepoint VM operation: ParallelGCFailedAllocation (Allocation Failure) done
Event: 18.715 Executing non-safepoint VM operation: HandshakeAllThreads (Deoptimize)
Event: 18.715 Executing non-safepoint VM operation: HandshakeAllThreads (Deoptimize) done
Event: 19.050 Executing non-safepoint VM operation: HandshakeAllThreads (Deoptimize)
Event: 19.050 Executing non-safepoint VM operation: HandshakeAllThreads (Deoptimize) done
Event: 20.050 Executing safepoint VM operation: Cleanup
Event: 20.113 Executing safepoint VM operation: Cleanup done
Event: 20.222 Executing safepoint VM operation: ParallelGCFailedAllocation (Allocation Failure)
Event: 20.228 Executing safepoint VM operation: ParallelGCFailedAllocation (Allocation Failure) done
Event: 20.291 Executing non-safepoint VM operation: HandshakeAllThreads (Deoptimize)
Event: 20.291 Executing non-safepoint VM operation: HandshakeAllThreads (Deoptimize) done
Event: 20.295 Executing non-safepoint VM operation: HandshakeAllThreads (Deoptimize)
Event: 20.295 Executing non-safepoint VM operation: HandshakeAllThreads (Deoptimize) done
Event: 20.309 Executing non-safepoint VM operation: HandshakeAllThreads (Deoptimize)
Event: 20.309 Executing non-safepoint VM operation: HandshakeAllThreads (Deoptimize) done
Event: 21.312 Executing safepoint VM operation: Cleanup
Event: 21.437 Executing safepoint VM operation: Cleanup done
Event: 22.452 Executing safepoint VM operation: Cleanup

Memory protections (0 events):
No events

Nmethod flushes (0 events):
No events

Events (20 events):
Event: 0.262 Thread 0x000001e4da640380 Thread added: 0x000001e4f256d8a0
Event: 0.671 Thread 0x000001e4da640380 Thread added: 0x000001e4f2630620
Event: 0.998 Thread 0x000001e4f2383490 Thread added: 0x000001e4f350dbf0
Event: 1.232 Thread 0x000001e4f350dbf0 Thread exited: 0x000001e4f350dbf0
Event: 1.232 Thread 0x000001e4f254b7c0 Thread exited: 0x000001e4f254b7c0
Event: 1.287 Thread 0x000001e4f2383490 Thread added: 0x000001e4f2527fd0
Event: 1.835 Thread 0x000001e4da6f1500 Thread added: 0x000001e4f36689c0
Event: 2.142 Thread 0x000001e4da640380 Thread added: 0x000001e4f80a9b70
Event: 2.456 Thread 0x000001e4f36689c0 Thread exited: 0x000001e4f36689c0
Event: 2.456 Thread 0x000001e4f2527fd0 Thread exited: 0x000001e4f2527fd0
Event: 18.511 Thread 0x000001e4da640380 Thread added: 0x000001e4f80aaf20
Event: 18.521 Thread 0x000001e4da640380 Thread added: 0x000001e4f80aa200
Event: 18.704 Thread 0x000001e4f80aa200 Thread added: 0x000001e4f80aa890
Event: 18.881 Thread 0x000001e4f2383490 Thread added: 0x000001e4f3a914e0
Event: 18.881 Thread 0x000001e4f2383490 Thread added: 0x000001e4f23bc620
Event: 19.080 Thread 0x000001e4f80aa200 Thread added: 0x000001e4f80a94e0
Event: 20.117 Thread 0x000001e4f23bc620 Thread exited: 0x000001e4f23bc620
Event: 20.403 Thread 0x000001e4f80aa200 Thread added: 0x000001e4f80ac960
Event: 21.441 Thread 0x000001e4f3a914e0 Thread exited: 0x000001e4f3a914e0
Event: 21.458 Thread 0x000001e4f80aa200 Thread added: 0x000001e4f80abc40


Dynamic libraries:
0x00007ff744620000 - 0x00007ff74462e000 	c:\Users\rsind\.vscode\extensions\redhat.java-1.54.0-win32-x64\jre\21.0.10-win32-x86_64\bin\java.exe
0x00007ffac0c80000 - 0x00007ffac0ee7000 	C:\WINDOWS\SYSTEM32\ntdll.dll
0x00007ffabf4e0000 - 0x00007ffabf5a9000 	C:\WINDOWS\System32\KERNEL32.DLL
0x00007ffabe4b0000 - 0x00007ffabe8a4000 	C:\WINDOWS\System32\KERNELBASE.dll
0x00007ffabd8f0000 - 0x00007ffabda3b000 	C:\WINDOWS\System32\ucrtbase.dll
0x00007ffa8c140000 - 0x00007ffa8c158000 	c:\Users\rsind\.vscode\extensions\redhat.java-1.54.0-win32-x64\jre\21.0.10-win32-x86_64\bin\jli.dll
0x00007ffa8c620000 - 0x00007ffa8c63e000 	c:\Users\rsind\.vscode\extensions\redhat.java-1.54.0-win32-x64\jre\21.0.10-win32-x86_64\bin\VCRUNTIME140.dll
0x00007ffac00f0000 - 0x00007ffac02b5000 	C:\WINDOWS\System32\USER32.dll
0x00007ffabe8b0000 - 0x00007ffabe8d7000 	C:\WINDOWS\System32\win32u.dll
0x00007ffac0b00000 - 0x00007ffac0b2b000 	C:\WINDOWS\System32\GDI32.dll
0x00007ffabe8e0000 - 0x00007ffabea0b000 	C:\WINDOWS\System32\gdi32full.dll
0x00007ffabd6d0000 - 0x00007ffabd773000 	C:\WINDOWS\System32\msvcp_win.dll
0x00007ffaa4660000 - 0x00007ffaa48f3000 	C:\WINDOWS\WinSxS\amd64_microsoft.windows.common-controls_6595b64144ccf1df_6.0.26100.8115_none_3e075c82e3354f9c\COMCTL32.dll
0x00007ffabff80000 - 0x00007ffac0029000 	C:\WINDOWS\System32\msvcrt.dll
0x00007ffabec50000 - 0x00007ffabec82000 	C:\WINDOWS\System32\IMM32.DLL
0x00007ffa8c610000 - 0x00007ffa8c61c000 	c:\Users\rsind\.vscode\extensions\redhat.java-1.54.0-win32-x64\jre\21.0.10-win32-x86_64\bin\vcruntime140_1.dll
0x00007ffa8c0b0000 - 0x00007ffa8c13d000 	c:\Users\rsind\.vscode\extensions\redhat.java-1.54.0-win32-x64\jre\21.0.10-win32-x86_64\bin\msvcp140.dll
0x00007ffa098c0000 - 0x00007ffa0a661000 	c:\Users\rsind\.vscode\extensions\redhat.java-1.54.0-win32-x64\jre\21.0.10-win32-x86_64\bin\server\jvm.dll
0x00007ffabf2f0000 - 0x00007ffabf3a6000 	C:\WINDOWS\System32\ADVAPI32.dll
0x00007ffabf3b0000 - 0x00007ffabf457000 	C:\WINDOWS\System32\sechost.dll
0x00007ffabf120000 - 0x00007ffabf238000 	C:\WINDOWS\System32\RPCRT4.dll
0x00007ffabf260000 - 0x00007ffabf2e0000 	C:\WINDOWS\System32\WS2_32.dll
0x00007ffaa8d70000 - 0x00007ffaa8da6000 	C:\WINDOWS\SYSTEM32\WINMM.dll
0x00007ffaaa120000 - 0x00007ffaaa12b000 	C:\WINDOWS\SYSTEM32\VERSION.dll
0x00007ffabd3b0000 - 0x00007ffabd40e000 	C:\WINDOWS\SYSTEM32\POWRPROF.dll
0x00007ffabd390000 - 0x00007ffabd3a4000 	C:\WINDOWS\SYSTEM32\UMPDC.dll
0x00007ffabc2e0000 - 0x00007ffabc2fb000 	C:\WINDOWS\SYSTEM32\kernel.appcore.dll
0x00007ffa8c0a0000 - 0x00007ffa8c0aa000 	c:\Users\rsind\.vscode\extensions\redhat.java-1.54.0-win32-x64\jre\21.0.10-win32-x86_64\bin\jimage.dll
0x00007ffabb450000 - 0x00007ffabb692000 	C:\WINDOWS\SYSTEM32\DBGHELP.DLL
0x00007ffabed00000 - 0x00007ffabf082000 	C:\WINDOWS\System32\combase.dll
0x00007ffac0780000 - 0x00007ffac0858000 	C:\WINDOWS\System32\OLEAUT32.dll
0x00007ffaa2300000 - 0x00007ffaa233b000 	C:\WINDOWS\SYSTEM32\dbgcore.DLL
0x00007ffabe400000 - 0x00007ffabe4a5000 	C:\WINDOWS\System32\bcryptPrimitives.dll
0x00007ffa8bd90000 - 0x00007ffa8bd9f000 	c:\Users\rsind\.vscode\extensions\redhat.java-1.54.0-win32-x64\jre\21.0.10-win32-x86_64\bin\instrument.dll
0x00007ffa8c080000 - 0x00007ffa8c0a0000 	c:\Users\rsind\.vscode\extensions\redhat.java-1.54.0-win32-x64\jre\21.0.10-win32-x86_64\bin\java.dll
0x00007ffabf600000 - 0x00007ffabfd67000 	C:\WINDOWS\System32\SHELL32.dll
0x00007ffabd780000 - 0x00007ffabd8ea000 	C:\WINDOWS\System32\wintypes.dll
0x00007ffabdb00000 - 0x00007ffabe368000 	C:\WINDOWS\System32\windows.storage.dll
0x00007ffac0a00000 - 0x00007ffac0af8000 	C:\WINDOWS\System32\SHCORE.dll
0x00007ffabec90000 - 0x00007ffabecf6000 	C:\WINDOWS\System32\shlwapi.dll
0x00007ffabd470000 - 0x00007ffabd499000 	C:\WINDOWS\SYSTEM32\profapi.dll
0x00007ffa8c060000 - 0x00007ffa8c078000 	c:\Users\rsind\.vscode\extensions\redhat.java-1.54.0-win32-x64\jre\21.0.10-win32-x86_64\bin\zip.dll
0x00007ffa8c050000 - 0x00007ffa8c060000 	C:\Users\rsind\.vscode\extensions\redhat.java-1.54.0-win32-x64\jre\21.0.10-win32-x86_64\bin\net.dll
0x00007ffab75f0000 - 0x00007ffab771d000 	C:\WINDOWS\SYSTEM32\WINHTTP.dll
0x00007ffabc850000 - 0x00007ffabc8bc000 	C:\WINDOWS\system32\mswsock.dll
0x00007ffa8c030000 - 0x00007ffa8c046000 	C:\Users\rsind\.vscode\extensions\redhat.java-1.54.0-win32-x64\jre\21.0.10-win32-x86_64\bin\nio.dll
0x00007ffa8c020000 - 0x00007ffa8c030000 	c:\Users\rsind\.vscode\extensions\redhat.java-1.54.0-win32-x64\jre\21.0.10-win32-x86_64\bin\verify.dll
0x00007ffa7aa80000 - 0x00007ffa7aac5000 	C:\Users\rsind\AppData\Roaming\Code\User\globalStorage\redhat.java\1.54.0\config_ss_win\org.eclipse.equinox.launcher\org.eclipse.equinox.launcher.win32.win32.x86_64_1.3.0.v20260203-2149\eclipse_11919.dll
0x00007ffac0860000 - 0x00007ffac09f7000 	C:\WINDOWS\System32\ole32.dll

JVMTI agents:
c:\Users\rsind\.vscode\extensions\redhat.java-1.54.0-win32-x64\lombok\lombok-1.18.39-4050.jar path:c:\Users\rsind\.vscode\extensions\redhat.java-1.54.0-win32-x64\jre\21.0.10-win32-x86_64\bin\instrument.dll, loaded, initialized, instrumentlib options:none

dbghelp: loaded successfully - version: 4.0.5 - missing functions: none
symbol engine: initialized successfully - sym options: 0x614 - pdb path: .;c:\Users\rsind\.vscode\extensions\redhat.java-1.54.0-win32-x64\jre\21.0.10-win32-x86_64\bin;C:\WINDOWS\SYSTEM32;C:\WINDOWS\WinSxS\amd64_microsoft.windows.common-controls_6595b64144ccf1df_6.0.26100.8115_none_3e075c82e3354f9c;c:\Users\rsind\.vscode\extensions\redhat.java-1.54.0-win32-x64\jre\21.0.10-win32-x86_64\bin\server;C:\Users\rsind\AppData\Roaming\Code\User\globalStorage\redhat.java\1.54.0\config_ss_win\org.eclipse.equinox.launcher\org.eclipse.equinox.launcher.win32.win32.x86_64_1.3.0.v20260203-2149

VM Arguments:
jvm_args: --add-modules=ALL-SYSTEM --add-opens=java.base/java.util=ALL-UNNAMED --add-opens=java.base/java.lang=ALL-UNNAMED --add-opens=java.base/sun.nio.fs=ALL-UNNAMED -Declipse.application=org.eclipse.jdt.ls.core.id1 -Dosgi.bundles.defaultStartLevel=4 -Declipse.product=org.eclipse.jdt.ls.core.product -Djava.import.generatesMetadataFilesAtProjectRoot=false -DDetectVMInstallationsJob.disabled=true -Dfile.encoding=utf8 -XX:+UseParallelGC -XX:GCTimeRatio=4 -XX:AdaptiveSizePolicyWeight=90 -Dsun.zip.disableMemoryMapping=true -Xmx2G -Xms100m -Xlog:disable -javaagent:c:\Users\rsind\.vscode\extensions\redhat.java-1.54.0-win32-x64\lombok\lombok-1.18.39-4050.jar 
java_command: c:\Users\rsind\.vscode\extensions\redhat.java-1.54.0-win32-x64\server\plugins\org.eclipse.equinox.launcher_1.7.100.v20251111-0406.jar -configuration c:\Users\rsind\AppData\Roaming\Code\User\globalStorage\redhat.java\1.54.0\config_ss_win -data c:\Users\rsind\AppData\Roaming\Code\User\workspaceStorage\5a089a8178d67970085d00947fda5b96\redhat.java\ss_ws --pipe=\\.\pipe\lsp-78463c29e99cde2059a4f70e3813bbee-sock
java_class_path (initial): c:\Users\rsind\.vscode\extensions\redhat.java-1.54.0-win32-x64\server\plugins\org.eclipse.equinox.launcher_1.7.100.v20251111-0406.jar
Launcher Type: SUN_STANDARD

[Global flags]
    uintx AdaptiveSizePolicyWeight                 = 90                                        {product} {command line}
     intx CICompilerCount                          = 4                                         {product} {ergonomic}
    uintx GCTimeRatio                              = 4                                         {product} {command line}
   size_t InitialHeapSize                          = 104857600                                 {product} {command line}
   size_t MaxHeapSize                              = 2147483648                                {product} {command line}
   size_t MaxNewSize                               = 715653120                                 {product} {ergonomic}
   size_t MinHeapDeltaBytes                        = 524288                                    {product} {ergonomic}
   size_t MinHeapSize                              = 104857600                                 {product} {command line}
   size_t NewSize                                  = 34603008                                  {product} {ergonomic}
    uintx NonNMethodCodeHeapSize                   = 5839372                                {pd product} {ergonomic}
    uintx NonProfiledCodeHeapSize                  = 122909434                              {pd product} {ergonomic}
   size_t OldSize                                  = 70254592                                  {product} {ergonomic}
    uintx ProfiledCodeHeapSize                     = 122909434                              {pd product} {ergonomic}
    uintx ReservedCodeCacheSize                    = 251658240                              {pd product} {ergonomic}
     bool SegmentedCodeCache                       = true                                      {product} {ergonomic}
   size_t SoftMaxHeapSize                          = 2147483648                             {manageable} {ergonomic}
     bool UseCompressedOops                        = true                           {product lp64_product} {ergonomic}
     bool UseLargePagesIndividualAllocation        = false                                  {pd product} {ergonomic}
     bool UseParallelGC                            = true                                      {product} {command line}

Logging:
Log output configuration:
 #0: stdout all=off uptime,level,tags foldmultilines=false
 #1: stderr all=off uptime,level,tags foldmultilines=false

Release file:
JAVA_VERSION="21.0.10" 
MODULES="java.base java.compiler java.datatransfer java.xml java.prefs java.desktop java.instrument java.logging java.management java.security.sasl java.naming java.rmi java.management.rmi java.net.http java.scripting java.security.jgss java.transaction.xa java.sql java.sql.rowset java.xml.crypto java.se java.smartcardio jdk.accessibility jdk.internal.jvmstat jdk.attach jdk.charsets jdk.internal.opt jdk.zipfs jdk.compiler jdk.crypto.ec jdk.crypto.cryptoki jdk.crypto.mscapi jdk.dynalink jdk.internal.ed jdk.editpad jdk.hotspot.agent jdk.httpserver jdk.internal.le jdk.internal.vm.ci jdk.internal.vm.compiler jdk.internal.vm.compiler.management jdk.jartool jdk.javadoc jdk.jcmd jdk.management jdk.management.agent jdk.jconsole jdk.jdeps jdk.jdwp.agent jdk.jdi jdk.jfr jdk.jshell jdk.jsobject jdk.jstatd jdk.localedata jdk.management.jfr jdk.naming.dns jdk.naming.rmi jdk.net jdk.nio.mapmode jdk.random jdk.sctp jdk.security.auth jdk.security.jgss jdk.unsupported jdk.unsupported.desktop jdk.xml.dom" 

Environment Variables:
PATH=C:\Users\rsind\AppData\Local\Programs\Microsoft VS Code;C:\Program Files\Python311\Scripts\;C:\Program Files\Python311\;C:\oracle\instantclient_19_19;C:\oraclexe\app\oracle\product\11.2.0\server\bin;C:\Program Files\Java\jdk-21\bin;C:\WINDOWS\system32;C:\WINDOWS;C:\WINDOWS\System32\Wbem;C:\WINDOWS\System32\WindowsPowerShell\v1.0\;C:\WINDOWS\System32\OpenSSH\;C:\Users\rsind\AppData\Local\Microsoft\WindowsApps;C:\Program Files\JetBrains\IntelliJ IDEA Community Edition 2023.3.2\bin;C:\Users\rsind\AppData\Local\Programs\Microsoft VS Code\bin;C:\ProgramData\chocolatey\bin;C:\Program Files\MongoDB\Server\8.0\bin;C:\Program Files\nodejs;C:\Program Files\nodejs\;C:\Program Files\Git\cmd;C:\Program Files\Apache\apache-maven-3.9.10\bin;C:\Users\rsind\AppData\Roaming\npm;C:\Program Files\dotnet\;C:\Users\rsind\AppData\Local\pnpm;C:\Program Files\MySQL\MySQL Shell 8.0\bin\;C:\Users\rsind\AppData\Local\Microsoft\WindowsApps;C:\Program Files\JetBrains\IntelliJ IDEA Community Edition 2023.3.2\bin;;C:\Users\rsind\AppData\Local\Programs\Microsoft VS Code\bin;C:\Program Files\mongosh\;C:\Users\rsind\AppData\Roaming\npm;C:\flutter\bin;
USERNAME=rsind
OS=Windows_NT
PROCESSOR_IDENTIFIER=Intel64 Family 6 Model 154 Stepping 4, GenuineIntel
TMP=C:\Users\rsind\AppData\Local\Temp
TEMP=C:\Users\rsind\AppData\Local\Temp




Periodic native trim disabled

---------------  S Y S T E M  ---------------

OS:
 Windows 11 , 64 bit Build 26100 (10.0.26100.8246)
OS uptime: 0 days 1:30 hours
Hyper-V role detected

CPU: total 12 (initial active 12) (6 cores per cpu, 2 threads per core) family 6 model 154 stepping 4 microcode 0x423, cx8, cmov, fxsr, ht, mmx, 3dnowpref, sse, sse2, sse3, ssse3, sse4.1, sse4.2, popcnt, lzcnt, tsc, tscinvbit, avx, avx2, aes, erms, clmul, bmi1, bmi2, adx, sha, fma, vzeroupper, clflush, clflushopt, clwb, hv, serialize, rdtscp, rdpid, fsrm, f16c, cet_ibt, cet_ss
Processor Information for processor 0
  Max Mhz: 1300, Current Mhz: 1300, Mhz Limit: 1300
Processor Information for processor 1
  Max Mhz: 1300, Current Mhz: 1300, Mhz Limit: 1300
Processor Information for processor 2
  Max Mhz: 1300, Current Mhz: 1300, Mhz Limit: 1300
Processor Information for processor 3
  Max Mhz: 1300, Current Mhz: 1300, Mhz Limit: 1300
Processor Information for processor 4
  Max Mhz: 1300, Current Mhz: 900, Mhz Limit: 897
Processor Information for processor 5
  Max Mhz: 1300, Current Mhz: 900, Mhz Limit: 897
Processor Information for processor 6
  Max Mhz: 1300, Current Mhz: 900, Mhz Limit: 897
Processor Information for processor 7
  Max Mhz: 1300, Current Mhz: 900, Mhz Limit: 897
Processor Information for processor 8
  Max Mhz: 1300, Current Mhz: 900, Mhz Limit: 897
Processor Information for processor 9
  Max Mhz: 1300, Current Mhz: 900, Mhz Limit: 897
Processor Information for processor 10
  Max Mhz: 1300, Current Mhz: 900, Mhz Limit: 897
Processor Information for processor 11
  Max Mhz: 1300, Current Mhz: 900, Mhz Limit: 897

Memory: 4k page, system-wide physical 16085M (3434M free)
TotalPageFile size 18133M (AvailPageFile size 18M)
current process WorkingSet (physical memory assigned to process): 110M, peak: 110M
current process commit charge ("private bytes"): 258M, peak: 258M

vm_info: OpenJDK 64-Bit Server VM (21.0.10+7-LTS) for windows-amd64 JRE (21.0.10+7-LTS), built on 2026-01-20T00:00:00Z by "admin" with MS VC++ 17.12 (VS2022)

END.
